0,1,2,3,4,5,6,7,8,9,10,11,12,13,14,15,16,17,18,19,20,21,22,23,24,25,26,27,28,29,30,31,32,33,34,35,36,37,38,39,40,41,42,43,44,45,46,47,48,49,50,51,52,53,54,55,56,57,58,59,60,61,62,63,64,65,66,67,68,69,70,71,72,73,74,75,76,77,78,79,80,81,82,83,84,85,86,87,88,89,90,91,92,93,94,95,96,97,98,99,100,101,102,103,104,105,106,107,108,109,110,111,112,113,114,115,116,117,118,119,120,121,122,123,124,125,126,127
0.6813411712646484,0.9045676589012146,5.6734307918304694e-08,0.6788133382797241,0.8629421591758728,-0.0023974080104380846,0.6556013226509094,0.8329327702522278,-0.0055413618683815,0.6296742558479309,0.821590781211853,-0.0074666026048362255,0.609442949295044,0.8222450017929077,-0.010473805479705334,0.6510854959487915,0.8273952603340149,-0.019706077873706818,0.6206727623939514,0.8026797771453857,-0.026575801894068718,0.6014015078544617,0.7899944186210632,-0.029821384698152542,0.5872771143913269,0.7824745774269104,-0.031635381281375885,0.6386659741401672,0.8517031073570251,-0.020725155249238014,0.6011685132980347,0.8312837481498718,-0.027365438640117645,0.5979844331741333,0.8297650218009949,-0.028228797018527985,0.603092610836029,0.8348143100738525,-0.028103651478886604,0.6274933815002441,0.8776178956031799,-0.020430661737918854,0.5919806361198425,0.8567898869514465,-0.024030594155192375,0.5925108790397644,0.8555906414985657,-0.020737824961543083,0.6000131368637085,0.861600399017334,-0.018077004700899124,0.6191656589508057,0.9010833501815796,-0.0197689700871706,0.5906772017478943,0.8838227987289429,-0.021362019702792168,0.5921540856361389,0.8810825347900391,-0.017293186858296394,0.5989937782287598,0.885426938533783,-0.013783914037048817,0.0,0.0,0.0,0.0,0.0,0.0,0.0,0.0,0.0,0.0,0.0,0.0,0.0,0.0,0.0,0.0,0.0,0.0,0.0,0.0,0.0,0.0,0.0,0.0,0.0,0.0,0.0,0.0,0.0,0.0,0.0,0.0,0.0,0.0,0.0,0.0,0.0,0.0,0.0,0.0,0.0,0.0,0.0,0.0,0.0,0.0,0.0,0.0,0.0,0.0,0.0,0.0,0.0,0.0,0.0,0.0,0.0,0.0,0.0,0.0,0.0,0.0,0.0,B,MONIKA
0.3295118808746338,0.5426879525184631,-6.828049947671389e-08,0.33474209904670715,0.5090766549110413,0.005895169917494059,0.32765305042266846,0.4679269790649414,0.0005776754696853459,0.3145837187767029,0.436560720205307,-0.005792574491351843,0.2994951009750366,0.41590189933776855,-0.013956373557448387,0.34045836329460144,0.45748212933540344,-0.031259097158908844,0.31701308488845825,0.40623512864112854,-0.04974350333213806,0.2935671806335449,0.38890838623046875,-0.05792907252907753,0.27576491236686707,0.389609694480896,-0.06099681183695793,0.33494216203689575,0.4669151306152344,-0.04174443334341049,0.3123466968536377,0.41023463010787964,-0.059058722108602524,0.2851612865924835,0.39690306782722473,-0.06124628335237503,0.2665254473686218,0.4032607078552246,-0.061088480055332184,0.3252131938934326,0.48341527581214905,-0.05062197148799896,0.30452924966812134,0.42933589220046997,-0.06498628854751587,0.27989625930786133,0.4193509817123413,-0.06367692351341248,0.2641972005367279,0.4259803295135498,-0.06114155054092407,0.3110211193561554,0.5028789639472961,-0.05816224217414856,0.29609471559524536,0.4663749933242798,-0.07255209237337112,0.27972617745399475,0.45345789194107056,-0.07461950927972794,0.26756811141967773,0.45225322246551514,-0.07383760809898376,0.0,0.0,0.0,0.0,0.0,0.0,0.0,0.0,0.0,0.0,0.0,0.0,0.0,0.0,0.0,0.0,0.0,0.0,0.0,0.0,0.0,0.0,0.0,0.0,0.0,0.0,0.0,0.0,0.0,0.0,0.0,0.0,0.0,0.0,0.0,0.0,0.0,0.0,0.0,0.0,0.0,0.0,0.0,0.0,0.0,0.0,0.0,0.0,0.0,0.0,0.0,0.0,0.0,0.0,0.0,0.0,0.0,0.0,0.0,0.0,0.0,0.0,0.0,B,MONIKA
0.7241632342338562,0.933915376663208,6.291785759060531e-09,0.7129121422767639,0.8879502415657043,0.0028344367165118456,0.6866177320480347,0.8501092791557312,0.0020425543189048767,0.6620914340019226,0.8253017663955688,0.000755222630687058,0.6469228267669678,0.8039860129356384,-0.0014519270043820143,0.6718141436576843,0.8535330295562744,-0.00680115120485425,0.6357081532478333,0.8416321873664856,-0.011189681477844715,0.6164029240608215,0.8394656777381897,-0.013878713361918926,0.6028198003768921,0.8393253087997437,-0.015538555569946766,0.6655678153038025,0.8795021176338196,-0.010769089683890343,0.6288886666297913,0.867948055267334,-0.013325107283890247,0.6088894605636597,0.8640562295913696,-0.015362400561571121,0.5953607559204102,0.8617756962776184,-0.017752356827259064,0.6606839299201965,0.9074351191520691,-0.01401744969189167,0.6271132230758667,0.8958926200866699,-0.01510829571634531,0.6078768372535706,0.8901960253715515,-0.015307100489735603,0.5948489904403687,0.8868470788002014,-0.016611330211162567,0.6577922701835632,0.935348629951477,-0.01669260673224926,0.6299051642417908,0.9265593886375427,-0.017443794757127762,0.6139937043190002,0.9206456542015076,-0.01634381338953972,0.6013888120651245,0.9158383011817932,-0.01576257310807705,0.0,0.0,0.0,0.0,0.0,0.0,0.0,0.0,0.0,0.0,0.0,0.0,0.0,0.0,0.0,0.0,0.0,0.0,0.0,0.0,0.0,0.0,0.0,0.0,0.0,0.0,0.0,0.0,0.0,0.0,0.0,0.0,0.0,0.0,0.0,0.0,0.0,0.0,0.0,0.0,0.0,0.0,0.0,0.0,0.0,0.0,0.0,0.0,0.0,0.0,0.0,0.0,0.0,0.0,0.0,0.0,0.0,0.0,0.0,0.0,0.0,0.0,0.0,B,MONIKA
0.43353620171546936,0.5876490473747253,4.3776324787359044e-07,0.39118918776512146,0.5448907017707825,0.005077387671917677,0.3778494596481323,0.47675907611846924,0.0054268306121230125,0.37630486488342285,0.42898544669151306,0.00242617423646152,0.378229558467865,0.3891112208366394,-0.0015078337164595723,0.3971260190010071,0.44618621468544006,0.009178327396512032,0.3980294167995453,0.3812170922756195,-0.0017479585949331522,0.3976861834526062,0.330258309841156,-0.012262029573321342,0.3990035355091095,0.288450688123703,-0.019098101183772087,0.40452754497528076,0.44424036145210266,-0.0007468630210496485,0.4033874273300171,0.3748530149459839,-0.009693067520856857,0.400424599647522,0.321008563041687,-0.01967461034655571,0.40080559253692627,0.2743489444255829,-0.02672848105430603,0.4104251265525818,0.44841158390045166,-0.011595836840569973,0.4065765142440796,0.38098257780075073,-0.019196588546037674,0.40122002363204956,0.33091598749160767,-0.025344930589199066,0.39835673570632935,0.28921425342559814,-0.02970193140208721,0.41217610239982605,0.4592726528644562,-0.022665297612547874,0.4064786732196808,0.40792495012283325,-0.027287838980555534,0.40116778016090393,0.37091362476348877,-0.028879201039671898,0.3970862627029419,0.33885014057159424,-0.030527863651514053,0.0,0.0,0.0,0.0,0.0,0.0,0.0,0.0,0.0,0.0,0.0,0.0,0.0,0.0,0.0,0.0,0.0,0.0,0.0,0.0,0.0,0.0,0.0,0.0,0.0,0.0,0.0,0.0,0.0,0.0,0.0,0.0,0.0,0.0,0.0,0.0,0.0,0.0,0.0,0.0,0.0,0.0,0.0,0.0,0.0,0.0,0.0,0.0,0.0,0.0,0.0,0.0,0.0,0.0,0.0,0.0,0.0,0.0,0.0,0.0,0.0,0.0,0.0,B,MONIKA
0.6347450613975525,0.7182825207710266,-2.0249802901162184e-07,0.6412695646286011,0.6807378530502319,0.006711100228130817,0.6356548070907593,0.6429653763771057,0.005896123591810465,0.6210013031959534,0.6197702288627625,0.0029838953632861376,0.6045805215835571,0.6105931401252747,-0.00024749297881498933,0.6384313702583313,0.6206178069114685,-0.004585771355777979,0.6135331988334656,0.5805022120475769,-0.011919844895601273,0.6029132604598999,0.5896131992340088,-0.01530697476118803,0.6037763953208923,0.604968249797821,-0.016343191266059875,0.625968337059021,0.6297622919082642,-0.01128937117755413,0.5939342975616455,0.5936253666877747,-0.016284093260765076,0.5877644419670105,0.6034255027770996,-0.015752719715237617,0.5927942991256714,0.6156921982765198,-0.015336134470999241,0.6120500564575195,0.64338219165802,-0.017295701429247856,0.5821528434753418,0.6118649244308472,-0.020391453057527542,0.5795106887817383,0.6218512654304504,-0.016101248562335968,0.5856397151947021,0.6329324841499329,-0.013458588160574436,0.5983455181121826,0.6589514017105103,-0.022657349705696106,0.5754005908966064,0.6338944435119629,-0.024311795830726624,0.5738534927368164,0.639076828956604,-0.01973436027765274,0.5785877108573914,0.6468862891197205,-0.01596509851515293,0.0,0.0,0.0,0.0,0.0,0.0,0.0,0.0,0.0,0.0,0.0,0.0,0.0,0.0,0.0,0.0,0.0,0.0,0.0,0.0,0.0,0.0,0.0,0.0,0.0,0.0,0.0,0.0,0.0,0.0,0.0,0.0,0.0,0.0,0.0,0.0,0.0,0.0,0.0,0.0,0.0,0.0,0.0,0.0,0.0,0.0,0.0,0.0,0.0,0.0,0.0,0.0,0.0,0.0,0.0,0.0,0.0,0.0,0.0,0.0,0.0,0.0,0.0,B,MONIKA
0.7261232137680054,1.0486892461776733,5.453858307191695e-07,0.649081289768219,0.9908992648124695,-0.03702472150325775,0.5942115187644958,0.8984552025794983,-0.05980927497148514,0.5625994801521301,0.8181541562080383,-0.07858458906412125,0.539135217666626,0.7596293687820435,-0.09751996397972107,0.6721922755241394,0.7656039595603943,-0.04487892612814903,0.678141176700592,0.6485605239868164,-0.0745721161365509,0.6853746771812439,0.5769788026809692,-0.09837682545185089,0.6932850480079651,0.5178825855255127,-0.11552800238132477,0.7332191467285156,0.7699267268180847,-0.04920884221792221,0.7426540851593018,0.6413886547088623,-0.07561235129833221,0.7485451698303223,0.5573601126670837,-0.09878481924533844,0.7557773590087891,0.4869903028011322,-0.11491161584854126,0.7877898216247559,0.8019822239875793,-0.057468365877866745,0.8014994859695435,0.6767675280570984,-0.08612853288650513,0.8085315227508545,0.5988458395004272,-0.10539478808641434,0.8151814341545105,0.5332000851631165,-0.11763124167919159,0.8397178649902344,0.8548951148986816,-0.06821705400943756,0.863139271736145,0.7680893540382385,-0.0962560698390007,0.8770631551742554,0.7083437442779541,-0.1074635460972786,0.8895462155342102,0.6537161469459534,-0.11291075497865677,0.0,0.0,0.0,0.0,0.0,0.0,0.0,0.0,0.0,0.0,0.0,0.0,0.0,0.0,0.0,0.0,0.0,0.0,0.0,0.0,0.0,0.0,0.0,0.0,0.0,0.0,0.0,0.0,0.0,0.0,0.0,0.0,0.0,0.0,0.0,0.0,0.0,0.0,0.0,0.0,0.0,0.0,0.0,0.0,0.0,0.0,0.0,0.0,0.0,0.0,0.0,0.0,0.0,0.0,0.0,0.0,0.0,0.0,0.0,0.0,0.0,0.0,0.0,B,MONIKA
0.7642358541488647,0.9367792010307312,6.173423230393382e-07,0.6835413575172424,0.8692967891693115,-0.03991597518324852,0.6244398951530457,0.7744453549385071,-0.0613274872303009,0.5906448364257812,0.6894708275794983,-0.07956255972385406,0.5573586821556091,0.6218617558479309,-0.09694167226552963,0.7042357325553894,0.6295692324638367,-0.03091212548315525,0.7008385062217712,0.5030370950698853,-0.06016438826918602,0.7029768824577332,0.424568772315979,-0.08624331653118134,0.7077414393424988,0.35557103157043457,-0.10479331761598587,0.7576725482940674,0.6251562237739563,-0.03272401541471481,0.7593811750411987,0.4843199849128723,-0.05520222708582878,0.7609279155731201,0.393118292093277,-0.07776371389627457,0.7631881237030029,0.31362879276275635,-0.09463772922754288,0.807786762714386,0.6465182304382324,-0.0402616523206234,0.8153821229934692,0.5190705060958862,-0.0629645511507988,0.8165781497955322,0.4384370446205139,-0.07868128269910812,0.8149940967559814,0.3669912815093994,-0.08993040770292282,0.858817458152771,0.6894247531890869,-0.05193953216075897,0.8782265186309814,0.5959590077400208,-0.07170712947845459,0.8874669075012207,0.5358153581619263,-0.07846181839704514,0.8931268453598022,0.47959136962890625,-0.08237217366695404,0.0,0.0,0.0,0.0,0.0,0.0,0.0,0.0,0.0,0.0,0.0,0.0,0.0,0.0,0.0,0.0,0.0,0.0,0.0,0.0,0.0,0.0,0.0,0.0,0.0,0.0,0.0,0.0,0.0,0.0,0.0,0.0,0.0,0.0,0.0,0.0,0.0,0.0,0.0,0.0,0.0,0.0,0.0,0.0,0.0,0.0,0.0,0.0,0.0,0.0,0.0,0.0,0.0,0.0,0.0,0.0,0.0,0.0,0.0,0.0,0.0,0.0,0.0,B,MONIKA
0.7520087957382202,0.9554609060287476,5.813014922750881e-07,0.6686702370643616,0.8640599250793457,-0.022233538329601288,0.6165487170219421,0.7509927749633789,-0.028522703796625137,0.5917254686355591,0.6576386094093323,-0.03518155962228775,0.5668620467185974,0.5960675477981567,-0.04160692170262337,0.6903109550476074,0.6378127932548523,-0.003334364853799343,0.6885157227516174,0.5062273740768433,-0.02317149192094803,0.6920799016952515,0.42479708790779114,-0.04241066053509712,0.697221040725708,0.35230752825737,-0.05712781846523285,0.7501974105834961,0.6345384120941162,-0.011458641849458218,0.7556667327880859,0.48900938034057617,-0.026629339903593063,0.7584013938903809,0.3958652913570404,-0.046324536204338074,0.7608343362808228,0.3147280216217041,-0.06157296895980835,0.8050395250320435,0.6560308933258057,-0.024617915973067284,0.8175443410873413,0.5239253044128418,-0.04388679936528206,0.8193528652191162,0.43677443265914917,-0.06096075847744942,0.8182182908058167,0.36162906885147095,-0.07329607009887695,0.8590390086174011,0.7001851797103882,-0.04045110568404198,0.8916459679603577,0.6099832057952881,-0.05855230987071991,0.9079731702804565,0.544593334197998,-0.06657625734806061,0.9202646613121033,0.4841958284378052,-0.07192056626081467,0.0,0.0,0.0,0.0,0.0,0.0,0.0,0.0,0.0,0.0,0.0,0.0,0.0,0.0,0.0,0.0,0.0,0.0,0.0,0.0,0.0,0.0,0.0,0.0,0.0,0.0,0.0,0.0,0.0,0.0,0.0,0.0,0.0,0.0,0.0,0.0,0.0,0.0,0.0,0.0,0.0,0.0,0.0,0.0,0.0,0.0,0.0,0.0,0.0,0.0,0.0,0.0,0.0,0.0,0.0,0.0,0.0,0.0,0.0,0.0,0.0,0.0,0.0,B,MONIKA
0.4207518696784973,0.9878189563751221,-1.3300687840001046e-07,0.4069865345954895,0.8562719821929932,-0.0005445813876576722,0.4497070610523224,0.7324779033660889,-0.01323320809751749,0.5198935270309448,0.6542075872421265,-0.02525005117058754,0.577042818069458,0.6199687719345093,-0.03794068098068237,0.4962812662124634,0.7097131609916687,-0.057083066552877426,0.5780297517776489,0.5707831978797913,-0.0825689435005188,0.6315272450447083,0.4933883249759674,-0.09464084357023239,0.6713945269584656,0.4372428357601166,-0.10314784944057465,0.5526190400123596,0.775285542011261,-0.0680994838476181,0.638797402381897,0.699444055557251,-0.08988291025161743,0.6144574284553528,0.7378153800964355,-0.07918783277273178,0.5788660049438477,0.7772132158279419,-0.06993633508682251,0.5966349840164185,0.8586819171905518,-0.07635777443647385,0.6784422993659973,0.7813997268676758,-0.09152089059352875,0.6542951464653015,0.8064935207366943,-0.06355869024991989,0.6215589642524719,0.8413851261138916,-0.044072043150663376,0.6293914914131165,0.9408690929412842,-0.08438203483819962,0.7056634426116943,0.8764137625694275,-0.09158342331647873,0.6816835403442383,0.8877740502357483,-0.06787804514169693,0.6500710248947144,0.9160163998603821,-0.049048177897930145,0.7762613296508789,0.9811330437660217,6.738123374816496e-07,0.7003580331802368,0.9180158376693726,-0.036946386098861694,0.6501559019088745,0.8261345624923706,-0.05591817572712898,0.6280876398086548,0.7508229613304138,-0.07146654278039932,0.606682538986206,0.6957362294197083,-0.08684144914150238,0.7206186056137085,0.6603285074234009,-0.03633492812514305,0.7215765118598938,0.5372037887573242,-0.06325875222682953,0.7256474494934082,0.4618470370769501,-0.08704974502325058,0.7293698787689209,0.3937396705150604,-0.10529889166355133,0.7801180481910706,0.6627473831176758,-0.04079508036375046,0.788916289806366,0.5218510031700134,-0.0635562315583229,0.7954214215278625,0.4320627748966217,-0.08647988736629486,0.8003125190734863,0.3513825833797455,-0.10391204059123993,0.8324111104011536,0.6938258409500122,-0.050169359892606735,0.8468168377876282,0.5714195966720581,-0.07646219432353973,0.8532509207725525,0.4888290464878082,-0.09872521460056305,0.857325553894043,0.414389044046402,-0.11497267335653305,0.8821166157722473,0.7480401396751404,-0.06272410601377487,0.9215277433395386,0.6682057976722717,-0.08813744783401489,0.9451736807823181,0.6125296354293823,-0.10120007395744324,0.9650155901908875,0.5573889017105103,-0.11013644933700562,B,MONIKA
0.46470311284065247,1.028662919998169,-1.3974901946767204e-07,0.4437597990036011,0.8944417834281921,-0.009516645222902298,0.4813469648361206,0.7675522565841675,-0.02316267229616642,0.5544100999832153,0.6998448371887207,-0.032519593834877014,0.6084678173065186,0.6817591190338135,-0.0424639955163002,0.5391265153884888,0.7882310152053833,-0.07287071645259857,0.6183399558067322,0.6354517936706543,-0.10097526013851166,0.6708511710166931,0.5522199273109436,-0.11384893953800201,0.7132583856582642,0.4926396310329437,-0.12262451648712158,0.6026179790496826,0.8572852611541748,-0.07388871908187866,0.6722935438156128,0.742010772228241,-0.0947498232126236,0.640053391456604,0.7557246685028076,-0.08026310801506042,0.6074644327163696,0.796586275100708,-0.06774383038282394,0.6449313759803772,0.9288017153739929,-0.07226238399744034,0.7080880403518677,0.8267099857330322,-0.08771562576293945,0.6809346079826355,0.8333593010902405,-0.06306851655244827,0.6531519889831543,0.872111976146698,-0.04435163736343384,0.6743854284286499,0.9914970993995667,-0.07039855420589447,0.7364189028739929,0.9132383465766907,-0.07938975095748901,0.7135717272758484,0.916232168674469,-0.06100579351186752,0.6895110607147217,0.9499256014823914,-0.04530840367078781,0.7730556726455688,0.9874940514564514,5.960769158264156e-07,0.6997063159942627,0.9245731830596924,-0.03167368099093437,0.6507048606872559,0.8355846405029297,-0.04863815754652023,0.6282185316085815,0.7599696516990662,-0.06379979848861694,0.609714150428772,0.7027917504310608,-0.07862720638513565,0.7166507244110107,0.6713469624519348,-0.026537656784057617,0.7148479223251343,0.5567843914031982,-0.05181139335036278,0.7136778235435486,0.49613457918167114,-0.07503347098827362,0.7117106318473816,0.4392974376678467,-0.09259001165628433,0.7769857048988342,0.6680544018745422,-0.033081408590078354,0.7862313389778137,0.531650722026825,-0.05395197495818138,0.7920758724212646,0.44349414110183716,-0.07689593732357025,0.7968355417251587,0.3629484176635742,-0.09433083981275558,0.8309890627861023,0.6967179179191589,-0.04438018053770065,0.8468300700187683,0.5815163850784302,-0.06838541477918625,0.852868914604187,0.5000245571136475,-0.09012950956821442,0.8559495806694031,0.4258606731891632,-0.10637327283620834,0.8826771974563599,0.7515710592269897,-0.05846057087182999,0.9235156774520874,0.6804190874099731,-0.08007588237524033,0.9465384483337402,0.6282302737236023,-0.09032561630010605,0.9660789966583252,0.5775269269943237,-0.09767140448093414,B,MONIKA
0.417535662651062,1.0030062198638916,2.1604580524581252e-07,0.425888329744339,0.8790600299835205,-0.0026678149588406086,0.45631012320518494,0.7436411380767822,-0.02411671169102192,0.504848062992096,0.6395913362503052,-0.04872559756040573,0.5386276841163635,0.5582680702209473,-0.07197844237089157,0.3925958275794983,0.7084026336669922,-0.060076795518398285,0.5055246353149414,0.6187083721160889,-0.09947754442691803,0.5728805661201477,0.6066836714744568,-0.1166924461722374,0.6149056553840637,0.6093850135803223,-0.12437997758388519,0.40003520250320435,0.7700448036193848,-0.07881661504507065,0.5408399105072021,0.6912322044372559,-0.11644282191991806,0.5506030321121216,0.7376508116722107,-0.11232796311378479,0.5241488218307495,0.7706239223480225,-0.10717133432626724,0.4227554500102997,0.8382892608642578,-0.0968441441655159,0.5564036965370178,0.7622112035751343,-0.12762241065502167,0.5571020841598511,0.806471049785614,-0.10515297204256058,0.529789388179779,0.836319088935852,-0.08651350438594818,0.45238691568374634,0.9045099020004272,-0.11519575864076614,0.5627721548080444,0.8301037549972534,-0.12939059734344482,0.5772921442985535,0.8529883027076721,-0.11044995486736298,0.5662961602210999,0.8773220181465149,-0.09468114376068115,0.7167571187019348,0.9272654056549072,4.0475430296282866e-07,0.6557812690734863,0.8530616164207458,-0.02293631248176098,0.6187807321548462,0.7450575232505798,-0.028766395524144173,0.6133501529693604,0.6519791483879089,-0.03400903567671776,0.6132442951202393,0.5816310048103333,-0.03789292648434639,0.6851755976676941,0.6474044919013977,-0.0035997238010168076,0.6880714893341064,0.546789824962616,-0.020828446373343468,0.6933727860450745,0.48789238929748535,-0.036388274282217026,0.6996431350708008,0.4348610043525696,-0.04864543676376343,0.7341538071632385,0.6543107032775879,-0.008522676303982735,0.7479878664016724,0.5396652221679688,-0.021427758038043976,0.7581695318222046,0.4681556224822998,-0.03575441241264343,0.765816867351532,0.4045845866203308,-0.04694133251905441,0.7757629156112671,0.68454909324646,-0.018839433789253235,0.7924701571464539,0.5879458785057068,-0.038222018629312515,0.8012053966522217,0.5271634459495544,-0.05226271599531174,0.8044378161430359,0.47142601013183594,-0.06207706406712532,0.8167334794998169,0.733758270740509,-0.03170888498425484,0.8484860062599182,0.6763955950737,-0.05094646289944649,0.8637574315071106,0.6388897895812988,-0.05921510234475136,0.8730101585388184,0.6027408838272095,-0.06470461934804916,B,MONIKA
0.3470200300216675,0.8129231929779053,-5.297410154980753e-08,0.4074086844921112,0.7130477428436279,0.020428413525223732,0.41848617792129517,0.6280503869056702,0.017407165840268135,0.4252919554710388,0.5661795139312744,0.0026118780951946974,0.43187856674194336,0.5155954360961914,-0.011550184339284897,0.33974796533584595,0.5543818473815918,0.018469376489520073,0.4055830240249634,0.4871692657470703,-0.0047140903770923615,0.4512373208999634,0.4907177686691284,-0.02074587531387806,0.4747864902019501,0.5125294923782349,-0.02771874889731407,0.33272767066955566,0.5719971060752869,-0.004992630798369646,0.42558977007865906,0.5269085764884949,-0.02855607494711876,0.4489753544330597,0.5899760127067566,-0.033271778374910355,0.4375617504119873,0.6403509378433228,-0.0312558151781559,0.3373977243900299,0.5973638892173767,-0.029689846560359,0.4289698600769043,0.5584744811058044,-0.05097609758377075,0.4448631703853607,0.6263445019721985,-0.04087476804852486,0.4321346879005432,0.6791053414344788,-0.027842188253998756,0.35200420022010803,0.626952052116394,-0.05382714793086052,0.42075684666633606,0.5817006826400757,-0.06372126936912537,0.44037532806396484,0.6165865063667297,-0.051768336445093155,0.43836936354637146,0.6524391174316406,-0.0389469712972641,0.6383876800537109,0.8636535406112671,3.4131073789467337e-07,0.5902373790740967,0.8014901876449585,-0.023132823407649994,0.559842586517334,0.7179643511772156,-0.0310185719281435,0.555858850479126,0.6408481001853943,-0.03751581534743309,0.5542871952056885,0.5769733786582947,-0.042183756828308105,0.6050036549568176,0.6347774267196655,-0.006960968486964703,0.6062489748001099,0.5550795197486877,-0.023704679682850838,0.6095117330551147,0.5076274871826172,-0.03944383189082146,0.6141103506088257,0.4616813063621521,-0.051629990339279175,0.6464635133743286,0.637806236743927,-0.007761625573039055,0.6553698182106018,0.5540701150894165,-0.019714873284101486,0.6622437238693237,0.5001925230026245,-0.03227817639708519,0.6654570698738098,0.4513832926750183,-0.04270745813846588,0.6815030574798584,0.6598609685897827,-0.013450982980430126,0.6926091909408569,0.5914700031280518,-0.029812363907694817,0.6950616240501404,0.5509066581726074,-0.040787842124700546,0.6898371577262878,0.5176199674606323,-0.04814988002181053,0.7162782549858093,0.6965018510818481,-0.021774616092443466,0.7413824796676636,0.6485864520072937,-0.0381074994802475,0.749077558517456,0.6204084753990173,-0.04612431302666664,0.7472572326660156,0.5977838039398193,-0.051107555627822876,B,MONIKA
0.36509159207344055,0.7458168268203735,-1.4207107312813605e-07,0.4285752773284912,0.6915123462677002,0.0041824341751635075,0.452627569437027,0.6319778561592102,-0.0008439560187980533,0.4705086648464203,0.5862206816673279,-0.012430989183485508,0.4766494929790497,0.5383042097091675,-0.020542750135064125,0.36983925104141235,0.5381468534469604,0.009432450868189335,0.4225839078426361,0.4868442714214325,-0.014324910938739777,0.4558603763580322,0.5213572978973389,-0.030613908544182777,0.46417340636253357,0.5600113868713379,-0.03744588419795036,0.3592589497566223,0.5391499400138855,-0.004621699918061495,0.4357834458351135,0.4935106337070465,-0.02600865252315998,0.4611053764820099,0.549473226070404,-0.031638432294130325,0.45589080452919006,0.5964608788490295,-0.03096071444451809,0.35581833124160767,0.550227165222168,-0.021612564101815224,0.43409109115600586,0.5214604139328003,-0.04187275841832161,0.4457740783691406,0.5826029777526855,-0.03538336977362633,0.43288654088974,0.6299287676811218,-0.02518603764474392,0.3602229654788971,0.5714496970176697,-0.03938162699341774,0.4235204756259918,0.5427603721618652,-0.05030108988285065,0.4366307258605957,0.5771868228912354,-0.04253287613391876,0.4294789731502533,0.6096596121788025,-0.03320443257689476,0.5770295858383179,0.7746478319168091,2.278061543847798e-07,0.5371943116188049,0.7242152690887451,-0.02424141950905323,0.5111095309257507,0.6588776111602783,-0.03488709405064583,0.5073053240776062,0.5960510969161987,-0.04341474547982216,0.5152175426483154,0.5449207425117493,-0.04970179870724678,0.5477588772773743,0.5825146436691284,-0.009224965237081051,0.5465788841247559,0.5172696709632874,-0.024006810039281845,0.5465848445892334,0.4779285490512848,-0.03924185782670975,0.5479260087013245,0.4427189826965332,-0.051529660820961,0.5804746747016907,0.5859590172767639,-0.007279400248080492,0.5862584710121155,0.5258726477622986,-0.020342031493782997,0.5886147618293762,0.49622201919555664,-0.03302154317498207,0.5882854461669922,0.4772151708602905,-0.04302048683166504,0.6090477108955383,0.6039546728134155,-0.009696699678897858,0.6192396283149719,0.5492494106292725,-0.024664413183927536,0.6189756393432617,0.5194867253303528,-0.03454116731882095,0.6112486720085144,0.5056251287460327,-0.04139375314116478,0.6370577812194824,0.6338369846343994,-0.014754759147763252,0.6583294868469238,0.5927304029464722,-0.02957714907824993,0.6617175340652466,0.5667756795883179,-0.03816473111510277,0.6552024483680725,0.551875650882721,-0.04382193088531494,B,MONIKA
0.29024237394332886,0.8692918419837952,-1.868678189964612e-08,0.34954535961151123,0.8263238668441772,0.005179759114980698,0.38652217388153076,0.7733944654464722,-0.0004248599580023438,0.4151606857776642,0.7351772785186768,-0.011863039806485176,0.4384711980819702,0.703984260559082,-0.021869882941246033,0.34729641675949097,0.6759685277938843,-0.0006832332583144307,0.41459357738494873,0.6489388346672058,-0.024940745905041695,0.44596827030181885,0.6795670986175537,-0.042142290621995926,0.45202940702438354,0.7126564383506775,-0.04942736402153969,0.3352717161178589,0.6848896741867065,-0.013722951523959637,0.41551703214645386,0.6904588937759399,-0.032979149371385574,0.4323617219924927,0.7380547523498535,-0.04013468325138092,0.4240320920944214,0.7686073780059814,-0.042493339627981186,0.3280883729457855,0.7106583714485168,-0.028162531554698944,0.4050212800502777,0.726314127445221,-0.045986685901880264,0.41176462173461914,0.7752158641815186,-0.04115599766373634,0.40150555968284607,0.8049449920654297,-0.033827099949121475,0.32569971680641174,0.7460594773292542,-0.04277978837490082,0.3866918385028839,0.7472983002662659,-0.0508844330906868,0.3977576196193695,0.7784602046012878,-0.04217187315225601,0.3948536515235901,0.802685022354126,-0.0329061895608902,0.5452461838722229,0.8593360781669617,-8.819785790592505e-08,0.510145366191864,0.8090401291847229,-0.019225971773266792,0.49335598945617676,0.7366305589675903,-0.02747442200779915,0.49549075961112976,0.6769576072692871,-0.037043873220682144,0.5162009596824646,0.6399443745613098,-0.04477716237306595,0.534656822681427,0.67258620262146,-0.0024249793495982885,0.5450910925865173,0.6116480827331543,-0.0195851419121027,0.5469914674758911,0.5729311108589172,-0.0312386155128479,0.5491981506347656,0.5389765501022339,-0.03914680331945419,0.5655081868171692,0.6809566020965576,-0.005199891980737448,0.578735888004303,0.6131806969642639,-0.03652019053697586,0.5605005025863647,0.6448596715927124,-0.04709917679429054,0.5457601547241211,0.6834332942962646,-0.04457072541117668,0.5936946868896484,0.7015536427497864,-0.011610648594796658,0.604259192943573,0.6442132592201233,-0.041809529066085815,0.5858902335166931,0.6738402247428894,-0.042398158460855484,0.5732516050338745,0.7103540897369385,-0.03206953778862953,0.6214631199836731,0.7317308187484741,-0.01994900591671467,0.6410427093505859,0.6787565350532532,-0.038260459899902344,0.6284681558609009,0.6746566295623779,-0.038152363151311874,0.6134091019630432,0.6878931522369385,-0.03213116154074669,B,MONIKA
0.6140803098678589,0.9145825505256653,3.3287375345025794e-07,0.588923990726471,0.8318755626678467,-0.02809193916618824,0.5825216770172119,0.748706579208374,-0.046217769384384155,0.5775697827339172,0.6819717884063721,-0.062778040766716,0.5701396465301514,0.6300305724143982,-0.07839745283126831,0.6834861636161804,0.6927488446235657,-0.02465873584151268,0.7275069355964661,0.6266567707061768,-0.042344171553850174,0.7566581964492798,0.5896635055541992,-0.05882025510072708,0.7800024747848511,0.5598490834236145,-0.07199528813362122,0.7144875526428223,0.7318980693817139,-0.02617196924984455,0.7558895349502563,0.6839073896408081,-0.048124879598617554,0.7728420495986938,0.6686404347419739,-0.0656147226691246,0.775460422039032,0.666363000869751,-0.0764995887875557,0.7341049909591675,0.7832522988319397,-0.03128283843398094,0.7755162119865417,0.7465343475341797,-0.05518827214837074,0.7918518781661987,0.7362095713615417,-0.06982643902301788,0.792497992515564,0.7363107204437256,-0.07737245410680771,0.7442991733551025,0.8428746461868286,-0.03881367668509483,0.7880056500434875,0.8334885835647583,-0.06170625239610672,0.809162437915802,0.8323156833648682,-0.0731716901063919,0.8192868232727051,0.8363431692123413,-0.07864480465650558,0.0,0.0,0.0,0.0,0.0,0.0,0.0,0.0,0.0,0.0,0.0,0.0,0.0,0.0,0.0,0.0,0.0,0.0,0.0,0.0,0.0,0.0,0.0,0.0,0.0,0.0,0.0,0.0,0.0,0.0,0.0,0.0,0.0,0.0,0.0,0.0,0.0,0.0,0.0,0.0,0.0,0.0,0.0,0.0,0.0,0.0,0.0,0.0,0.0,0.0,0.0,0.0,0.0,0.0,0.0,0.0,0.0,0.0,0.0,0.0,0.0,0.0,0.0,B,MONIKA
0.7315778732299805,0.9916627407073975,5.392214461608091e-07,0.6649226546287537,0.9263126254081726,-0.03507371246814728,0.6180992722511292,0.8362568020820618,-0.055567666888237,0.5891210436820984,0.762687087059021,-0.07335469126701355,0.5623155832290649,0.6985257267951965,-0.09076707065105438,0.6993528604507446,0.6980178952217102,-0.030295005068182945,0.705500066280365,0.5876389741897583,-0.056206755340099335,0.7109215259552002,0.519087553024292,-0.07904773950576782,0.718120276927948,0.45839041471481323,-0.09648875892162323,0.7521190643310547,0.7043798565864563,-0.03578180819749832,0.7665544152259827,0.581786036491394,-0.05746544525027275,0.7771834135055542,0.5020065307617188,-0.07862541079521179,0.786911129951477,0.43202683329582214,-0.09499319642782211,0.797867476940155,0.7351866364479065,-0.046546366065740585,0.8152998089790344,0.6240100264549255,-0.07134675234556198,0.8260331153869629,0.552788496017456,-0.08902530372142792,0.8336830735206604,0.48680996894836426,-0.10215162485837936,0.8402284383773804,0.7856259346008301,-0.06059788912534714,0.8687889575958252,0.7099799513816833,-0.08382578939199448,0.8868929147720337,0.6608381271362305,-0.09366172552108765,0.9010475277900696,0.6128222942352295,-0.10055823624134064,0.0,0.0,0.0,0.0,0.0,0.0,0.0,0.0,0.0,0.0,0.0,0.0,0.0,0.0,0.0,0.0,0.0,0.0,0.0,0.0,0.0,0.0,0.0,0.0,0.0,0.0,0.0,0.0,0.0,0.0,0.0,0.0,0.0,0.0,0.0,0.0,0.0,0.0,0.0,0.0,0.0,0.0,0.0,0.0,0.0,0.0,0.0,0.0,0.0,0.0,0.0,0.0,0.0,0.0,0.0,0.0,0.0,0.0,0.0,0.0,0.0,0.0,0.0,B,MONIKA
0.7369901537895203,1.0097551345825195,5.321653020473605e-07,0.6725326776504517,0.9463233947753906,-0.033289168030023575,0.6301221251487732,0.8521286845207214,-0.04747841879725456,0.6123429536819458,0.7730458378791809,-0.05883590877056122,0.6019507050514221,0.7103774547576904,-0.06819362938404083,0.6853406429290771,0.7203611135482788,-0.018930908292531967,0.6894158124923706,0.6164710521697998,-0.03929626941680908,0.693848729133606,0.5538254380226135,-0.0573810376226902,0.6993065476417542,0.49604323506355286,-0.07158949971199036,0.7397943139076233,0.7250887155532837,-0.0208329688757658,0.7536507844924927,0.613243818283081,-0.03729216754436493,0.7633493542671204,0.5428072810173035,-0.05405174940824509,0.770921528339386,0.47994527220726013,-0.06703059375286102,0.7863282561302185,0.7549723982810974,-0.0283520445227623,0.8029664158821106,0.6617181301116943,-0.05024868622422218,0.8112918734550476,0.6039857864379883,-0.06486760824918747,0.8148948550224304,0.5499704480171204,-0.0746452808380127,0.8309959769248962,0.803350031375885,-0.039087481796741486,0.8626346588134766,0.7377960681915283,-0.059966422617435455,0.8792902827262878,0.6941633820533752,-0.06871316581964493,0.8904354572296143,0.6500855684280396,-0.07412291318178177,0.0,0.0,0.0,0.0,0.0,0.0,0.0,0.0,0.0,0.0,0.0,0.0,0.0,0.0,0.0,0.0,0.0,0.0,0.0,0.0,0.0,0.0,0.0,0.0,0.0,0.0,0.0,0.0,0.0,0.0,0.0,0.0,0.0,0.0,0.0,0.0,0.0,0.0,0.0,0.0,0.0,0.0,0.0,0.0,0.0,0.0,0.0,0.0,0.0,0.0,0.0,0.0,0.0,0.0,0.0,0.0,0.0,0.0,0.0,0.0,0.0,0.0,0.0,B,MONIKA
0.6119048595428467,1.0844166278839111,-2.190059262829891e-07,0.5713577270507812,1.0254979133605957,-0.024354472756385803,0.5543264150619507,0.9500038623809814,-0.03976397588849068,0.5606401562690735,0.888700008392334,-0.056425757706165314,0.5731264352798462,0.8333536982536316,-0.0717771127820015,0.6268235445022583,0.8699083924293518,-0.008750365115702152,0.6281945705413818,0.8092086911201477,-0.029364729300141335,0.6269132494926453,0.7795029282569885,-0.05084477737545967,0.6267853379249573,0.7486248016357422,-0.06674125045537949,0.6719403266906738,0.8778135776519775,-0.011806631460785866,0.684965968132019,0.7971329689025879,-0.027102792635560036,0.6912557482719421,0.750092089176178,-0.04418617859482765,0.6936351656913757,0.7090753316879272,-0.05874992534518242,0.7083624601364136,0.9081041812896729,-0.020032860338687897,0.7267917394638062,0.8341863751411438,-0.03902061656117439,0.7329138517379761,0.8010116815567017,-0.05153633654117584,0.7316440343856812,0.772872805595398,-0.05962705239653587,0.7421427965164185,0.9561634659767151,-0.030990231782197952,0.778213620185852,0.9126667380332947,-0.04499943181872368,0.7910197377204895,0.884554922580719,-0.050728898495435715,0.7926983833312988,0.8564690947532654,-0.05486869439482689,0.0,0.0,0.0,0.0,0.0,0.0,0.0,0.0,0.0,0.0,0.0,0.0,0.0,0.0,0.0,0.0,0.0,0.0,0.0,0.0,0.0,0.0,0.0,0.0,0.0,0.0,0.0,0.0,0.0,0.0,0.0,0.0,0.0,0.0,0.0,0.0,0.0,0.0,0.0,0.0,0.0,0.0,0.0,0.0,0.0,0.0,0.0,0.0,0.0,0.0,0.0,0.0,0.0,0.0,0.0,0.0,0.0,0.0,0.0,0.0,0.0,0.0,0.0,B,MONIKA
0.582317590713501,0.7925190925598145,-1.1228961227516265e-07,0.5580844283103943,0.7281106114387512,-0.015347486361861229,0.5525476336479187,0.6529492139816284,-0.023748617619276047,0.5523703098297119,0.5976008772850037,-0.034251533448696136,0.55340576171875,0.5545608401298523,-0.043639276176691055,0.5957659482955933,0.6069290637969971,-0.002939454512670636,0.6165838837623596,0.5514928102493286,-0.024637769907712936,0.6232303380966187,0.520775318145752,-0.03784099221229553,0.6234859228134155,0.5039575099945068,-0.043564990162849426,0.6243216395378113,0.6338329315185547,-0.007049163803458214,0.6337878704071045,0.5926666259765625,-0.043922096490859985,0.6101742386817932,0.6446683406829834,-0.05372581630945206,0.5908377170562744,0.6898961663246155,-0.04824454337358475,0.6486974358558655,0.6669477224349976,-0.01479553896933794,0.65191650390625,0.6431845426559448,-0.052343908697366714,0.627741813659668,0.6898180842399597,-0.050176579505205154,0.6099666357040405,0.725938618183136,-0.03505699336528778,0.6722853183746338,0.7029310464859009,-0.02319823019206524,0.6885175704956055,0.6641057133674622,-0.04364233464002609,0.676207423210144,0.6781339645385742,-0.03749945014715195,0.6641098856925964,0.6948627233505249,-0.025312362238764763,0.0,0.0,0.0,0.0,0.0,0.0,0.0,0.0,0.0,0.0,0.0,0.0,0.0,0.0,0.0,0.0,0.0,0.0,0.0,0.0,0.0,0.0,0.0,0.0,0.0,0.0,0.0,0.0,0.0,0.0,0.0,0.0,0.0,0.0,0.0,0.0,0.0,0.0,0.0,0.0,0.0,0.0,0.0,0.0,0.0,0.0,0.0,0.0,0.0,0.0,0.0,0.0,0.0,0.0,0.0,0.0,0.0,0.0,0.0,0.0,0.0,0.0,0.0,B,MONIKA
0.5127623677253723,0.7551698684692383,-2.293278100751195e-07,0.4810313880443573,0.7133381366729736,-0.017045270651578903,0.45644688606262207,0.64692223072052,-0.027551205828785896,0.4434581995010376,0.6051535606384277,-0.038459695875644684,0.4321875274181366,0.5718080997467041,-0.0492856539785862,0.5080808997154236,0.5704823136329651,-0.018569936975836754,0.5236064791679382,0.5143281817436218,-0.04100862890481949,0.5325244069099426,0.4792023301124573,-0.056849513202905655,0.5358107686042786,0.4549253582954407,-0.06681588292121887,0.5447079539299011,0.5840164422988892,-0.022403592243790627,0.533793032169342,0.5862398147583008,-0.06022303178906441,0.5115577578544617,0.6420238018035889,-0.07084978371858597,0.4955580234527588,0.6838793754577637,-0.06853638589382172,0.5740588903427124,0.6136340498924255,-0.028709912672638893,0.5583047866821289,0.6279274225234985,-0.0626252144575119,0.5368471741676331,0.6741194128990173,-0.05886790528893471,0.5226979851722717,0.7029362916946411,-0.04674353823065758,0.5980725884437561,0.6496955752372742,-0.03636788949370384,0.5880314111709595,0.6508327126502991,-0.05662655830383301,0.5682796835899353,0.6797946691513062,-0.050522517412900925,0.5579991340637207,0.6971256732940674,-0.03954550623893738,0.0,0.0,0.0,0.0,0.0,0.0,0.0,0.0,0.0,0.0,0.0,0.0,0.0,0.0,0.0,0.0,0.0,0.0,0.0,0.0,0.0,0.0,0.0,0.0,0.0,0.0,0.0,0.0,0.0,0.0,0.0,0.0,0.0,0.0,0.0,0.0,0.0,0.0,0.0,0.0,0.0,0.0,0.0,0.0,0.0,0.0,0.0,0.0,0.0,0.0,0.0,0.0,0.0,0.0,0.0,0.0,0.0,0.0,0.0,0.0,0.0,0.0,0.0,B,MONIKA
0.4941917955875397,0.7063725590705872,-8.841242760126988e-08,0.48425155878067017,0.6299583911895752,-0.004958607256412506,0.4838275611400604,0.5631310343742371,-0.012480884790420532,0.4767634868621826,0.5171562433242798,-0.021839717403054237,0.46756264567375183,0.4754709303379059,-0.03073805384337902,0.5637474656105042,0.5496119260787964,-0.012156504206359386,0.594201922416687,0.5046434998512268,-0.030621621757745743,0.5914145112037659,0.4704683721065521,-0.04311349615454674,0.5794218182563782,0.44336551427841187,-0.050858236849308014,0.5725642442703247,0.5774174332618713,-0.020388038828969002,0.5565398335456848,0.5208116769790649,-0.042065706104040146,0.5171928405761719,0.5062221884727478,-0.04950551688671112,0.48688432574272156,0.507838249206543,-0.05177430436015129,0.5671685934066772,0.610261082649231,-0.029904942959547043,0.5388169288635254,0.5621461272239685,-0.04979537054896355,0.5049247145652771,0.5548367500305176,-0.04897819086909294,0.4822736382484436,0.5584483742713928,-0.044211775064468384,0.5533803701400757,0.6437639594078064,-0.03999343141913414,0.5281119346618652,0.609660804271698,-0.05412360280752182,0.5044403672218323,0.59925377368927,-0.05340936779975891,0.48901745676994324,0.5976572036743164,-0.04931787773966789,0.0,0.0,0.0,0.0,0.0,0.0,0.0,0.0,0.0,0.0,0.0,0.0,0.0,0.0,0.0,0.0,0.0,0.0,0.0,0.0,0.0,0.0,0.0,0.0,0.0,0.0,0.0,0.0,0.0,0.0,0.0,0.0,0.0,0.0,0.0,0.0,0.0,0.0,0.0,0.0,0.0,0.0,0.0,0.0,0.0,0.0,0.0,0.0,0.0,0.0,0.0,0.0,0.0,0.0,0.0,0.0,0.0,0.0,0.0,0.0,0.0,0.0,0.0,B,MONIKA
0.5833548903465271,0.892166256904602,4.743760086967086e-07,0.5700414776802063,0.8438860177993774,-0.020149098709225655,0.5756036043167114,0.791282594203949,-0.03593182936310768,0.5846736431121826,0.7584956884384155,-0.04950321838259697,0.5870529413223267,0.7359201312065125,-0.06450174748897552,0.6152146458625793,0.7535868883132935,-0.041850484907627106,0.64670729637146,0.6881218552589417,-0.06301208585500717,0.669914722442627,0.6488184332847595,-0.07656577974557877,0.6890448927879333,0.6185801029205322,-0.08543667942285538,0.6421383023262024,0.77708899974823,-0.044733088463544846,0.6858981251716614,0.709010899066925,-0.06528950482606888,0.718748152256012,0.6675471067428589,-0.08042927086353302,0.7470476627349854,0.636297345161438,-0.09036413580179214,0.6626826524734497,0.8121645450592041,-0.04826891049742699,0.7034784555435181,0.7479082345962524,-0.06960263103246689,0.7334700226783752,0.7126339673995972,-0.085298553109169,0.7583536505699158,0.689079761505127,-0.09469825029373169,0.6782156825065613,0.8546056151390076,-0.052272383123636246,0.7172142267227173,0.8256335854530334,-0.07174760848283768,0.7457267045974731,0.814895510673523,-0.08107423037290573,0.7706203460693359,0.8110914826393127,-0.08602412790060043,0.0,0.0,0.0,0.0,0.0,0.0,0.0,0.0,0.0,0.0,0.0,0.0,0.0,0.0,0.0,0.0,0.0,0.0,0.0,0.0,0.0,0.0,0.0,0.0,0.0,0.0,0.0,0.0,0.0,0.0,0.0,0.0,0.0,0.0,0.0,0.0,0.0,0.0,0.0,0.0,0.0,0.0,0.0,0.0,0.0,0.0,0.0,0.0,0.0,0.0,0.0,0.0,0.0,0.0,0.0,0.0,0.0,0.0,0.0,0.0,0.0,0.0,0.0,B,MONIKA
0.6702397465705872,0.9112672805786133,7.740029559499817e-07,0.6112110018730164,0.8382300138473511,-0.04469206556677818,0.5705962777137756,0.749428927898407,-0.076645627617836,0.5388264060020447,0.6786195039749146,-0.10452118515968323,0.5049970149993896,0.629872739315033,-0.13295549154281616,0.6702504754066467,0.6051953434944153,-0.056985631585121155,0.6900045275688171,0.4784640073776245,-0.09579885751008987,0.7081339955329895,0.3991994857788086,-0.12642990052700043,0.727260947227478,0.33051159977912903,-0.14765974879264832,0.7254805564880371,0.6181851029396057,-0.06106073036789894,0.7578535079956055,0.4818434417247772,-0.09268037974834442,0.7816155552864075,0.39146891236305237,-0.11806876957416534,0.803148090839386,0.3103623390197754,-0.1362578272819519,0.770814061164856,0.6578359603881836,-0.06997780501842499,0.8043347597122192,0.5372995138168335,-0.10043898969888687,0.822709321975708,0.46140819787979126,-0.1185176745057106,0.8370314836502075,0.3920679986476898,-0.13044743239879608,0.8098500967025757,0.7183708548545837,-0.08293986320495605,0.8498793840408325,0.6360800266265869,-0.10791261494159698,0.8739979267120361,0.5832736492156982,-0.11583950370550156,0.89417564868927,0.5313609838485718,-0.12019228935241699,0.0,0.0,0.0,0.0,0.0,0.0,0.0,0.0,0.0,0.0,0.0,0.0,0.0,0.0,0.0,0.0,0.0,0.0,0.0,0.0,0.0,0.0,0.0,0.0,0.0,0.0,0.0,0.0,0.0,0.0,0.0,0.0,0.0,0.0,0.0,0.0,0.0,0.0,0.0,0.0,0.0,0.0,0.0,0.0,0.0,0.0,0.0,0.0,0.0,0.0,0.0,0.0,0.0,0.0,0.0,0.0,0.0,0.0,0.0,0.0,0.0,0.0,0.0,B,MONIKA
0.7874047756195068,1.0193555355072021,7.664045824640198e-07,0.7175121307373047,0.94302898645401,-0.04473070055246353,0.6665902733802795,0.8452462553977966,-0.07522910088300705,0.6319383382797241,0.7671711444854736,-0.10181405395269394,0.5943347215652466,0.7078436017036438,-0.1293531358242035,0.759943425655365,0.6825774908065796,-0.05747975409030914,0.7659925818443298,0.5430030226707458,-0.09490266442298889,0.7716147899627686,0.4550376236438751,-0.12461141496896744,0.7791513800621033,0.37755319476127625,-0.1461164802312851,0.8235505819320679,0.6909329295158386,-0.06353507936000824,0.8498663306236267,0.5372059941291809,-0.09473855048418045,0.8690133094787598,0.4361184239387512,-0.12135881930589676,0.8857707381248474,0.34900182485580444,-0.1410631388425827,0.877059817314148,0.7317318916320801,-0.07446906715631485,0.9107636213302612,0.5971939563751221,-0.10649339854717255,0.9311336874961853,0.5084327459335327,-0.12868991494178772,0.9462966918945312,0.42882469296455383,-0.14456306397914886,0.923965573310852,0.7952467799186707,-0.08900953829288483,0.9682927131652832,0.7076095342636108,-0.11692703515291214,0.9954025149345398,0.650288999080658,-0.12713591754436493,1.0176478624343872,0.5947098135948181,-0.13394911587238312,0.0,0.0,0.0,0.0,0.0,0.0,0.0,0.0,0.0,0.0,0.0,0.0,0.0,0.0,0.0,0.0,0.0,0.0,0.0,0.0,0.0,0.0,0.0,0.0,0.0,0.0,0.0,0.0,0.0,0.0,0.0,0.0,0.0,0.0,0.0,0.0,0.0,0.0,0.0,0.0,0.0,0.0,0.0,0.0,0.0,0.0,0.0,0.0,0.0,0.0,0.0,0.0,0.0,0.0,0.0,0.0,0.0,0.0,0.0,0.0,0.0,0.0,0.0,B,MONIKA
0.7680565118789673,1.0692131519317627,6.086562507334747e-07,0.7029159069061279,0.9813825488090515,-0.043174952268600464,0.6721541881561279,0.8550737500190735,-0.06348632276058197,0.6652834415435791,0.7502120137214661,-0.07944957911968231,0.6520112752914429,0.6615509986877441,-0.09520729631185532,0.7512184381484985,0.7294769883155823,-0.04271221160888672,0.7509787082672119,0.5954398512840271,-0.07454898208379745,0.7496879696846008,0.5117471814155579,-0.09952758252620697,0.7520061135292053,0.4351326823234558,-0.11794022470712662,0.818631112575531,0.7373082041740417,-0.04639730975031853,0.847795844078064,0.5846035480499268,-0.07275872677564621,0.8682391047477722,0.4837576150894165,-0.09739569574594498,0.8892589211463928,0.3942810893058777,-0.11567173153162003,0.8725950121879578,0.7801877856254578,-0.05529022961854935,0.9080175757408142,0.6477378010749817,-0.08557198941707611,0.9342815279960632,0.5618454217910767,-0.10721836984157562,0.9576035737991333,0.48191678524017334,-0.12257049232721329,0.9166043400764465,0.8472537994384766,-0.06759090721607208,0.9627573490142822,0.7712593674659729,-0.09501691162586212,0.9970777034759521,0.7231060266494751,-0.10484934598207474,1.0279898643493652,0.676935076713562,-0.11124038696289062,0.0,0.0,0.0,0.0,0.0,0.0,0.0,0.0,0.0,0.0,0.0,0.0,0.0,0.0,0.0,0.0,0.0,0.0,0.0,0.0,0.0,0.0,0.0,0.0,0.0,0.0,0.0,0.0,0.0,0.0,0.0,0.0,0.0,0.0,0.0,0.0,0.0,0.0,0.0,0.0,0.0,0.0,0.0,0.0,0.0,0.0,0.0,0.0,0.0,0.0,0.0,0.0,0.0,0.0,0.0,0.0,0.0,0.0,0.0,0.0,0.0,0.0,0.0,B,MONIKA
0.39937910437583923,0.9656451940536499,7.222148497021408e-07,0.37807318568229675,0.8448646068572998,-0.010012246668338776,0.40213561058044434,0.7064449191093445,-0.0437626838684082,0.46071773767471313,0.6079815030097961,-0.07714001834392548,0.5137818455696106,0.5396676063537598,-0.11085335165262222,0.34807705879211426,0.6638345718383789,-0.1022891104221344,0.459828644990921,0.5467861294746399,-0.1499238908290863,0.5274044275283813,0.509391725063324,-0.1749821901321411,0.5697073340415955,0.48790526390075684,-0.19030261039733887,0.3832876980304718,0.7288762927055359,-0.12396354973316193,0.5044698715209961,0.5908902883529663,-0.1652078479528427,0.5615283846855164,0.5924153923988342,-0.16707821190357208,0.5811379551887512,0.6117885112762451,-0.1697910577058792,0.429171085357666,0.8025581240653992,-0.14223577082157135,0.542691171169281,0.67805016040802,-0.1718691885471344,0.5663613080978394,0.7119275331497192,-0.1472310870885849,0.5559105277061462,0.7541427612304688,-0.13030429184436798,0.47640225291252136,0.8712005615234375,-0.1612250953912735,0.55776047706604,0.7660347819328308,-0.17477689683437347,0.5720677971839905,0.784593939781189,-0.1512359231710434,0.5636953711509705,0.8203864693641663,-0.13379982113838196,0.6813410520553589,0.9697383642196655,5.539090466299967e-07,0.6147021651268005,0.8964260816574097,-0.029901782050728798,0.5699365139007568,0.7916490435600281,-0.042631059885025024,0.5461523532867432,0.7089044451713562,-0.053892869502305984,0.5260539054870605,0.6519818305969238,-0.06514953821897507,0.6412449479103088,0.670365571975708,-0.019703714177012444,0.6380710601806641,0.5604272484779358,-0.043108630925416946,0.6355456113815308,0.4936482310295105,-0.06380117684602737,0.6339229345321655,0.43357864022254944,-0.07934700697660446,0.6983380317687988,0.6719382405281067,-0.025629578158259392,0.7159427404403687,0.5428963899612427,-0.04593178257346153,0.7275879979133606,0.4568670690059662,-0.06610719859600067,0.7375202775001526,0.37953558564186096,-0.08082324266433716,0.7476305365562439,0.7007873058319092,-0.036769457161426544,0.7673301100730896,0.585257887840271,-0.0618208684027195,0.7779266834259033,0.5096657276153564,-0.08053764700889587,0.7863542437553406,0.43869563937187195,-0.093135766685009,0.7932401895523071,0.7502005100250244,-0.050579607486724854,0.8319554924964905,0.6747704744338989,-0.07250521332025528,0.8576362133026123,0.6229149103164673,-0.08137068897485733,0.8803131580352783,0.5716443061828613,-0.08725437521934509,B,MONIKA
0.708443820476532,0.9835972785949707,5.324927201399987e-07,0.6432943940162659,0.8880658745765686,-0.02066534385085106,0.6023094058036804,0.7727208137512207,-0.030886497348546982,0.5800619125366211,0.6799358129501343,-0.040982138365507126,0.5598574876785278,0.6095771789550781,-0.05122112110257149,0.6718368530273438,0.7085899710655212,-0.016444193199276924,0.6746680736541748,0.6084708571434021,-0.0409172922372818,0.6785735487937927,0.5481324195861816,-0.060371916741132736,0.684057354927063,0.49559712409973145,-0.0740404948592186,0.7285546660423279,0.7165612578392029,-0.025463387370109558,0.7528548836708069,0.5912643671035767,-0.04569285735487938,0.7702910304069519,0.5067789554595947,-0.06344854086637497,0.7869479060173035,0.4334023594856262,-0.07665137201547623,0.778486967086792,0.747596025466919,-0.03869175165891647,0.8027578592300415,0.6334449052810669,-0.06416496634483337,0.8192519545555115,0.5593584775924683,-0.0798075795173645,0.8333290219306946,0.4946119487285614,-0.08967043459415436,0.8244503140449524,0.7972277402877808,-0.05334637314081192,0.8658932447433472,0.7225458025932312,-0.07498934864997864,0.8951317071914673,0.6722033023834229,-0.08182882517576218,0.9190722703933716,0.6258872151374817,-0.08597122132778168,0.0,0.0,0.0,0.0,0.0,0.0,0.0,0.0,0.0,0.0,0.0,0.0,0.0,0.0,0.0,0.0,0.0,0.0,0.0,0.0,0.0,0.0,0.0,0.0,0.0,0.0,0.0,0.0,0.0,0.0,0.0,0.0,0.0,0.0,0.0,0.0,0.0,0.0,0.0,0.0,0.0,0.0,0.0,0.0,0.0,0.0,0.0,0.0,0.0,0.0,0.0,0.0,0.0,0.0,0.0,0.0,0.0,0.0,0.0,0.0,0.0,0.0,0.0,B,MONIKA
0.635118842124939,0.9033666849136353,2.1200440869506565e-07,0.601097583770752,0.8476196527481079,-0.027484843507409096,0.5790495872497559,0.7771985530853271,-0.04506556689739227,0.5690564513206482,0.7208883166313171,-0.06282050907611847,0.5693793296813965,0.6732510328292847,-0.07681552320718765,0.6224586367607117,0.6609305739402771,-0.004622296430170536,0.6260461807250977,0.5956006050109863,-0.0382562130689621,0.6266116499900818,0.6160038709640503,-0.0678412988781929,0.626133143901825,0.6475703120231628,-0.08291373401880264,0.6631537079811096,0.6575802564620972,-0.005921231582760811,0.6795593500137329,0.5674585103988647,-0.019560396671295166,0.6872242093086243,0.5153142213821411,-0.03561786934733391,0.6933121681213379,0.4705934524536133,-0.048296596854925156,0.6989014744758606,0.6787534356117249,-0.014858299866318703,0.7172873616218567,0.5962143540382385,-0.02836008369922638,0.726412832736969,0.546720564365387,-0.03820996358990669,0.7322053909301758,0.5035685896873474,-0.045415278524160385,0.7316741943359375,0.7220642566680908,-0.027616066858172417,0.7592878937721252,0.6643133759498596,-0.035030659288167953,0.7746143341064453,0.6309736371040344,-0.03501136228442192,0.7868726849555969,0.6002129316329956,-0.03503813594579697,0.0,0.0,0.0,0.0,0.0,0.0,0.0,0.0,0.0,0.0,0.0,0.0,0.0,0.0,0.0,0.0,0.0,0.0,0.0,0.0,0.0,0.0,0.0,0.0,0.0,0.0,0.0,0.0,0.0,0.0,0.0,0.0,0.0,0.0,0.0,0.0,0.0,0.0,0.0,0.0,0.0,0.0,0.0,0.0,0.0,0.0,0.0,0.0,0.0,0.0,0.0,0.0,0.0,0.0,0.0,0.0,0.0,0.0,0.0,0.0,0.0,0.0,0.0,B,MONIKA
0.5281729698181152,0.9282941818237305,1.3847106572484336e-07,0.5080903768539429,0.8806624412536621,-0.025874435901641846,0.5057071447372437,0.8199604153633118,-0.04465838149189949,0.5350525379180908,0.7948076725006104,-0.06341466307640076,0.5719858407974243,0.8078780770301819,-0.08030004054307938,0.5641143918037415,0.7321250438690186,-0.014026286080479622,0.5775062441825867,0.7003694176673889,-0.04480148106813431,0.5763617157936096,0.7258133292198181,-0.07142442464828491,0.5745558142662048,0.7563380002975464,-0.0864609032869339,0.6038218140602112,0.7423397302627563,-0.01750931516289711,0.6392919421195984,0.6896809935569763,-0.03393077850341797,0.6613856554031372,0.6654468178749084,-0.04907553642988205,0.6839160323143005,0.6429370641708374,-0.060892581939697266,0.6328247785568237,0.7705700993537903,-0.02716594934463501,0.6744850873947144,0.7192291021347046,-0.04502025991678238,0.6984642744064331,0.6929810643196106,-0.05686947703361511,0.719784140586853,0.6649581789970398,-0.06463970988988876,0.6550681591033936,0.8140665888786316,-0.03988229110836983,0.6963433027267456,0.7756808996200562,-0.050518378615379333,0.7226520776748657,0.7570940256118774,-0.052307043224573135,0.746025025844574,0.7361905574798584,-0.05365527421236038,0.0,0.0,0.0,0.0,0.0,0.0,0.0,0.0,0.0,0.0,0.0,0.0,0.0,0.0,0.0,0.0,0.0,0.0,0.0,0.0,0.0,0.0,0.0,0.0,0.0,0.0,0.0,0.0,0.0,0.0,0.0,0.0,0.0,0.0,0.0,0.0,0.0,0.0,0.0,0.0,0.0,0.0,0.0,0.0,0.0,0.0,0.0,0.0,0.0,0.0,0.0,0.0,0.0,0.0,0.0,0.0,0.0,0.0,0.0,0.0,0.0,0.0,0.0,B,MONIKA
0.48914921283721924,0.809321939945221,6.738785529591951e-09,0.47417062520980835,0.7697223424911499,-0.020416492596268654,0.46641647815704346,0.7121419906616211,-0.032378457486629486,0.4669003486633301,0.6625679731369019,-0.03886621445417404,0.46640312671661377,0.630649209022522,-0.04452362284064293,0.5298019647598267,0.6938729286193848,-0.042947929352521896,0.5355143547058105,0.6261492371559143,-0.0556846484541893,0.5221059322357178,0.5862526893615723,-0.06299170851707458,0.5049139261245728,0.5598217844963074,-0.06719230115413666,0.5357541441917419,0.700426459312439,-0.03755910322070122,0.5368236899375916,0.6311629414558411,-0.04947056993842125,0.5130288004875183,0.5919047594070435,-0.05319159850478172,0.4900039732456207,0.5735794305801392,-0.05509400740265846,0.5316678285598755,0.7072110176086426,-0.03211134672164917,0.5262051224708557,0.6379024386405945,-0.04185860604047775,0.506985604763031,0.6097531914710999,-0.043140605092048645,0.4911087453365326,0.5999947190284729,-0.04259619489312172,0.5213388800621033,0.7123225331306458,-0.027534736320376396,0.5156869292259216,0.656294584274292,-0.03655053302645683,0.5015450716018677,0.6341961026191711,-0.03696278855204582,0.4895607531070709,0.6260170936584473,-0.03504437953233719,0.0,0.0,0.0,0.0,0.0,0.0,0.0,0.0,0.0,0.0,0.0,0.0,0.0,0.0,0.0,0.0,0.0,0.0,0.0,0.0,0.0,0.0,0.0,0.0,0.0,0.0,0.0,0.0,0.0,0.0,0.0,0.0,0.0,0.0,0.0,0.0,0.0,0.0,0.0,0.0,0.0,0.0,0.0,0.0,0.0,0.0,0.0,0.0,0.0,0.0,0.0,0.0,0.0,0.0,0.0,0.0,0.0,0.0,0.0,0.0,0.0,0.0,0.0,B,MONIKA
0.5166983008384705,0.7735135555267334,4.5570931206384557e-07,0.4771696925163269,0.7323843836784363,-0.027484433725476265,0.4512016773223877,0.6731341481208801,-0.04611846059560776,0.4419710636138916,0.6258101463317871,-0.0621134415268898,0.4573571979999542,0.5920407772064209,-0.07742916792631149,0.5122888088226318,0.5724352598190308,-0.02506277710199356,0.5247327089309692,0.5068153738975525,-0.04703032225370407,0.5327215194702148,0.4674938917160034,-0.0665448009967804,0.5406308174133301,0.4342522621154785,-0.08066917210817337,0.5497660040855408,0.584155261516571,-0.02627628855407238,0.5727043151855469,0.5148643851280212,-0.04305977001786232,0.5869662761688232,0.47243812680244446,-0.05831623077392578,0.5989730954170227,0.43309056758880615,-0.06957472115755081,0.5803837180137634,0.6128627061843872,-0.03137195110321045,0.6031848192214966,0.5472763776779175,-0.049623820930719376,0.6182321310043335,0.5070661902427673,-0.0606592558324337,0.6308188438415527,0.4674391746520996,-0.06820888817310333,0.6052857637405396,0.6566134095191956,-0.0388328917324543,0.6323878169059753,0.6119227409362793,-0.05590863153338432,0.6488163471221924,0.5856310725212097,-0.0614774152636528,0.6629388928413391,0.5579652786254883,-0.06439761072397232,0.0,0.0,0.0,0.0,0.0,0.0,0.0,0.0,0.0,0.0,0.0,0.0,0.0,0.0,0.0,0.0,0.0,0.0,0.0,0.0,0.0,0.0,0.0,0.0,0.0,0.0,0.0,0.0,0.0,0.0,0.0,0.0,0.0,0.0,0.0,0.0,0.0,0.0,0.0,0.0,0.0,0.0,0.0,0.0,0.0,0.0,0.0,0.0,0.0,0.0,0.0,0.0,0.0,0.0,0.0,0.0,0.0,0.0,0.0,0.0,0.0,0.0,0.0,B,MONIKA
0.7874726057052612,1.1898149251937866,8.604097274655942e-07,0.7091642022132874,1.1117591857910156,-0.07209328562021255,0.6627610921859741,1.0067336559295654,-0.12270025908946991,0.6256239414215088,0.9125970005989075,-0.1649315506219864,0.575843095779419,0.8290483951568604,-0.2089032530784607,0.8011088967323303,0.831493616104126,-0.09527793526649475,0.8385745882987976,0.6812235713005066,-0.14531387388706207,0.869279146194458,0.5812931060791016,-0.1873285174369812,0.8998036980628967,0.4964556097984314,-0.2171793282032013,0.878855288028717,0.8607624769210815,-0.09190690517425537,0.9356220960617065,0.7092437744140625,-0.12779560685157776,0.9720116257667542,0.6053118705749512,-0.160737544298172,1.0070850849151611,0.516835629940033,-0.18692530691623688,0.9348554015159607,0.9260308742523193,-0.09384700655937195,1.0015662908554077,0.7957355380058289,-0.12492063641548157,1.0435717105865479,0.7132270336151123,-0.1450977921485901,1.079938292503357,0.6426210403442383,-0.16156931221485138,0.9727399945259094,1.0102852582931519,-0.10189346969127655,1.0386762619018555,0.9344203472137451,-0.13010674715042114,1.0846878290176392,0.891539990901947,-0.13683870434761047,1.1249809265136719,0.853702962398529,-0.1406821757555008,0.0,0.0,0.0,0.0,0.0,0.0,0.0,0.0,0.0,0.0,0.0,0.0,0.0,0.0,0.0,0.0,0.0,0.0,0.0,0.0,0.0,0.0,0.0,0.0,0.0,0.0,0.0,0.0,0.0,0.0,0.0,0.0,0.0,0.0,0.0,0.0,0.0,0.0,0.0,0.0,0.0,0.0,0.0,0.0,0.0,0.0,0.0,0.0,0.0,0.0,0.0,0.0,0.0,0.0,0.0,0.0,0.0,0.0,0.0,0.0,0.0,0.0,0.0,B,MONIKA
0.5006831884384155,0.8602868914604187,3.5939027043241367e-07,0.5593658089637756,0.8787028789520264,-0.004387303255498409,0.620890200138092,0.8659237027168274,-0.013820409774780273,0.6665157079696655,0.8661394119262695,-0.02798328921198845,0.7086952924728394,0.8703713417053223,-0.04373353719711304,0.6511718034744263,0.7544775009155273,-0.00698957871645689,0.7103865146636963,0.7067446708679199,-0.031553708016872406,0.7573318481445312,0.6784709692001343,-0.052742816507816315,0.7971169948577881,0.6567060947418213,-0.06821131706237793,0.6451460123062134,0.7370116710662842,-0.025007445365190506,0.7104753255844116,0.685962975025177,-0.0492449626326561,0.7646039724349976,0.6573295593261719,-0.0688280239701271,0.8111165165901184,0.6346811652183533,-0.08270682394504547,0.6334747672080994,0.7311311364173889,-0.0456034317612648,0.7012537717819214,0.6830832958221436,-0.06798805296421051,0.7522915601730347,0.6625251770019531,-0.07774525135755539,0.7939968109130859,0.6461784839630127,-0.08413169533014297,0.6193962693214417,0.7379558086395264,-0.06748953461647034,0.674026608467102,0.6998012065887451,-0.08538717776536942,0.7149139642715454,0.6800280213356018,-0.08886484801769257,0.7502241730690002,0.666207492351532,-0.09089750051498413,0.0,0.0,0.0,0.0,0.0,0.0,0.0,0.0,0.0,0.0,0.0,0.0,0.0,0.0,0.0,0.0,0.0,0.0,0.0,0.0,0.0,0.0,0.0,0.0,0.0,0.0,0.0,0.0,0.0,0.0,0.0,0.0,0.0,0.0,0.0,0.0,0.0,0.0,0.0,0.0,0.0,0.0,0.0,0.0,0.0,0.0,0.0,0.0,0.0,0.0,0.0,0.0,0.0,0.0,0.0,0.0,0.0,0.0,0.0,0.0,0.0,0.0,0.0,B,MONIKA
0.6793735027313232,1.0653889179229736,5.878790716451476e-07,0.6210076212882996,0.9855851531028748,-0.0395975261926651,0.5998952388763428,0.868584394454956,-0.055704761296510696,0.6126143932342529,0.7725123167037964,-0.06766103208065033,0.6203910112380981,0.6876457929611206,-0.07791175693273544,0.6852103471755981,0.7627896666526794,-0.03256675973534584,0.7020541429519653,0.6511322259902954,-0.058281026780605316,0.716210126876831,0.5848000645637512,-0.0776512548327446,0.7343666553497314,0.5230667591094971,-0.09201560169458389,0.7487616539001465,0.7872551679611206,-0.03274312615394592,0.7880258560180664,0.6715190410614014,-0.05315612629055977,0.8146878480911255,0.6020429134368896,-0.07121144980192184,0.8403669595718384,0.5406313538551331,-0.08515743911266327,0.7986752390861511,0.8368776440620422,-0.03871548920869827,0.836990475654602,0.7452502250671387,-0.06642476469278336,0.856519877910614,0.6928861737251282,-0.0827450156211853,0.8738500475883484,0.6416512727737427,-0.09210692346096039,0.8429665565490723,0.9030885100364685,-0.047862689942121506,0.8982639312744141,0.8360408544540405,-0.07327771186828613,0.9348726868629456,0.7953431010246277,-0.08380289375782013,0.9672988653182983,0.7520889639854431,-0.08961286395788193,0.0,0.0,0.0,0.0,0.0,0.0,0.0,0.0,0.0,0.0,0.0,0.0,0.0,0.0,0.0,0.0,0.0,0.0,0.0,0.0,0.0,0.0,0.0,0.0,0.0,0.0,0.0,0.0,0.0,0.0,0.0,0.0,0.0,0.0,0.0,0.0,0.0,0.0,0.0,0.0,0.0,0.0,0.0,0.0,0.0,0.0,0.0,0.0,0.0,0.0,0.0,0.0,0.0,0.0,0.0,0.0,0.0,0.0,0.0,0.0,0.0,0.0,0.0,B,MONIKA
0.6779046058654785,1.0188477039337158,4.665937183290225e-07,0.6111234426498413,0.9352072477340698,-0.03412211313843727,0.5814553499221802,0.8158383369445801,-0.043937403708696365,0.5849610567092896,0.7129618525505066,-0.05055768042802811,0.5819336771965027,0.6290159821510315,-0.054795555770397186,0.6637152433395386,0.7131892442703247,-0.012033068574965,0.6747538447380066,0.6080518960952759,-0.02961716428399086,0.6826946139335632,0.5442609786987305,-0.04627116397023201,0.6916307210922241,0.4849746525287628,-0.06017646938562393,0.721314013004303,0.7306350469589233,-0.0111197205260396,0.7481131553649902,0.630437970161438,-0.02316739596426487,0.7655627131462097,0.5731858015060425,-0.036506619304418564,0.7788994908332825,0.5237597227096558,-0.047973230481147766,0.7668983936309814,0.7708786129951477,-0.016606219112873077,0.7937056422233582,0.6896101236343384,-0.03444622829556465,0.8065809607505798,0.6444499492645264,-0.044747717678546906,0.8154832720756531,0.6020691394805908,-0.052156779915094376,0.807853102684021,0.8273431062698364,-0.025906600058078766,0.8475924730300903,0.7708335518836975,-0.04422150179743767,0.8711786270141602,0.7324394583702087,-0.05210736393928528,0.8911721706390381,0.6936701536178589,-0.057242151349782944,0.0,0.0,0.0,0.0,0.0,0.0,0.0,0.0,0.0,0.0,0.0,0.0,0.0,0.0,0.0,0.0,0.0,0.0,0.0,0.0,0.0,0.0,0.0,0.0,0.0,0.0,0.0,0.0,0.0,0.0,0.0,0.0,0.0,0.0,0.0,0.0,0.0,0.0,0.0,0.0,0.0,0.0,0.0,0.0,0.0,0.0,0.0,0.0,0.0,0.0,0.0,0.0,0.0,0.0,0.0,0.0,0.0,0.0,0.0,0.0,0.0,0.0,0.0,B,MONIKA
0.6709467768669128,0.9816641211509705,5.072844828646339e-07,0.6102787852287292,0.893091082572937,-0.035366155207157135,0.5810962915420532,0.7785636782646179,-0.04445001110434532,0.5807245373725891,0.6789339780807495,-0.04984079301357269,0.5803787708282471,0.5953134298324585,-0.0519399456679821,0.657402753829956,0.6765627264976501,-0.003426225855946541,0.666384220123291,0.5741503238677979,-0.01695331372320652,0.6756595373153687,0.5130722522735596,-0.03170706331729889,0.6860663294792175,0.457254558801651,-0.04439181089401245,0.7118703722953796,0.6936445236206055,0.0002394712355453521,0.7354516386985779,0.5972530841827393,-0.009627667255699635,0.7521220445632935,0.5431458950042725,-0.02269873023033142,0.7642031311988831,0.49919161200523376,-0.03355933353304863,0.7544001936912537,0.7326335906982422,-0.0031624380499124527,0.7803313732147217,0.6536834836006165,-0.020151287317276,0.7922051548957825,0.6094394326210022,-0.031902991235256195,0.7999361157417297,0.5698075294494629,-0.03978969529271126,0.7937592267990112,0.7873302698135376,-0.010374126024544239,0.8327620625495911,0.7321818470954895,-0.028385141864418983,0.8542877435684204,0.6949828267097473,-0.03790604695677757,0.8721334934234619,0.6566077470779419,-0.04396208003163338,0.0,0.0,0.0,0.0,0.0,0.0,0.0,0.0,0.0,0.0,0.0,0.0,0.0,0.0,0.0,0.0,0.0,0.0,0.0,0.0,0.0,0.0,0.0,0.0,0.0,0.0,0.0,0.0,0.0,0.0,0.0,0.0,0.0,0.0,0.0,0.0,0.0,0.0,0.0,0.0,0.0,0.0,0.0,0.0,0.0,0.0,0.0,0.0,0.0,0.0,0.0,0.0,0.0,0.0,0.0,0.0,0.0,0.0,0.0,0.0,0.0,0.0,0.0,B,MONIKA
0.6588102579116821,0.9793442487716675,5.025671043767943e-07,0.5996166467666626,0.8920789957046509,-0.035679981112480164,0.5734368562698364,0.7797612547874451,-0.04486079886555672,0.5750775933265686,0.6807935237884521,-0.05017232149839401,0.5762450098991394,0.5971512198448181,-0.05197736620903015,0.6464715003967285,0.6789764761924744,-0.0017952529015019536,0.65598464012146,0.5799849033355713,-0.01448484044522047,0.6655016541481018,0.521950900554657,-0.029389159753918648,0.6767207980155945,0.467145174741745,-0.042310748249292374,0.7000054717063904,0.6954147219657898,0.0026430964935570955,0.7231683135032654,0.6019235849380493,-0.004607811104506254,0.7400080561637878,0.5508515238761902,-0.01651548035442829,0.752971351146698,0.5079907178878784,-0.027067674323916435,0.7409234046936035,0.7340760231018066,7.509522674808977e-06,0.7659319043159485,0.6567474603652954,-0.013564792461693287,0.7779066562652588,0.6130591630935669,-0.02288658358156681,0.7861077785491943,0.5741767883300781,-0.02995571866631508,0.7793170809745789,0.7887504696846008,-0.006767929997295141,0.816926121711731,0.737639307975769,-0.021974649280309677,0.8383357524871826,0.7022292017936707,-0.029338864609599113,0.8564096689224243,0.6662964820861816,-0.03414544090628624,0.0,0.0,0.0,0.0,0.0,0.0,0.0,0.0,0.0,0.0,0.0,0.0,0.0,0.0,0.0,0.0,0.0,0.0,0.0,0.0,0.0,0.0,0.0,0.0,0.0,0.0,0.0,0.0,0.0,0.0,0.0,0.0,0.0,0.0,0.0,0.0,0.0,0.0,0.0,0.0,0.0,0.0,0.0,0.0,0.0,0.0,0.0,0.0,0.0,0.0,0.0,0.0,0.0,0.0,0.0,0.0,0.0,0.0,0.0,0.0,0.0,0.0,0.0,B,MONIKA
0.6589366793632507,0.9701005816459656,4.25300640927162e-07,0.6086210012435913,0.885150134563446,-0.02879621833562851,0.5879308581352234,0.7872818112373352,-0.03769467771053314,0.5960796475410461,0.7008986473083496,-0.044001877307891846,0.6041733026504517,0.6295574307441711,-0.0472487211227417,0.6492906808853149,0.6846669316291809,0.0014667498180642724,0.6611990332603455,0.6011511087417603,-0.011816402897238731,0.6712053418159485,0.5532217621803284,-0.027692345902323723,0.6831216216087341,0.5076453685760498,-0.04150393232703209,0.7007331848144531,0.7018349170684814,0.002405997132882476,0.7219710946083069,0.6171742677688599,-0.007043292745947838,0.7376465797424316,0.5732635259628296,-0.021119307726621628,0.7509213089942932,0.5332995653152466,-0.03355543687939644,0.7402180433273315,0.7383418083190918,-0.0028286788146942854,0.7632632255554199,0.6669523119926453,-0.01838630437850952,0.7748765349388123,0.6274685263633728,-0.02921045944094658,0.7835486531257629,0.5938163995742798,-0.03744744881987572,0.775837242603302,0.7912306189537048,-0.011370453983545303,0.8103424310684204,0.742641806602478,-0.028203176334500313,0.8316714763641357,0.7102556824684143,-0.03655773401260376,0.8497905731201172,0.6780001521110535,-0.042147211730480194,0.0,0.0,0.0,0.0,0.0,0.0,0.0,0.0,0.0,0.0,0.0,0.0,0.0,0.0,0.0,0.0,0.0,0.0,0.0,0.0,0.0,0.0,0.0,0.0,0.0,0.0,0.0,0.0,0.0,0.0,0.0,0.0,0.0,0.0,0.0,0.0,0.0,0.0,0.0,0.0,0.0,0.0,0.0,0.0,0.0,0.0,0.0,0.0,0.0,0.0,0.0,0.0,0.0,0.0,0.0,0.0,0.0,0.0,0.0,0.0,0.0,0.0,0.0,B,MONIKA
0.5974229574203491,0.9138859510421753,-2.927788784745644e-07,0.5685799717903137,0.8405810594558716,-0.020786505192518234,0.565931499004364,0.7486491799354553,-0.03095126524567604,0.5776432156562805,0.6791626811027527,-0.044786788523197174,0.5943325161933899,0.6251299381256104,-0.055739011615514755,0.6021318435668945,0.6613892912864685,0.009937546215951443,0.619147777557373,0.581463098526001,-0.020392416045069695,0.6151782274246216,0.5900951623916626,-0.04790935292840004,0.607352614402771,0.6315124034881592,-0.061934709548950195,0.6388570666313171,0.6717751622200012,0.006225623190402985,0.6630164980888367,0.5793875455856323,-0.02452029474079609,0.6527614593505859,0.6018209457397461,-0.05444265902042389,0.6409407258033752,0.650119423866272,-0.06964801251888275,0.6737191677093506,0.6948559284210205,-0.0033870015759021044,0.7013199925422668,0.6098942160606384,-0.028809497132897377,0.6920448541641235,0.6166647672653198,-0.05218929424881935,0.6765357255935669,0.6598448753356934,-0.0626707598567009,0.7064397931098938,0.7322977781295776,-0.015382802113890648,0.7399501204490662,0.6699506044387817,-0.030390266329050064,0.741624116897583,0.6443431973457336,-0.044951338320970535,0.730704665184021,0.6493091583251953,-0.05344349890947342,0.0,0.0,0.0,0.0,0.0,0.0,0.0,0.0,0.0,0.0,0.0,0.0,0.0,0.0,0.0,0.0,0.0,0.0,0.0,0.0,0.0,0.0,0.0,0.0,0.0,0.0,0.0,0.0,0.0,0.0,0.0,0.0,0.0,0.0,0.0,0.0,0.0,0.0,0.0,0.0,0.0,0.0,0.0,0.0,0.0,0.0,0.0,0.0,0.0,0.0,0.0,0.0,0.0,0.0,0.0,0.0,0.0,0.0,0.0,0.0,0.0,0.0,0.0,B,MONIKA
0.5434945225715637,0.7844727039337158,6.616816250470947e-08,0.51921147108078,0.7290070652961731,-0.0264593493193388,0.5088875889778137,0.6616917848587036,-0.04340493679046631,0.5012551546096802,0.6136631965637207,-0.05859457701444626,0.48703253269195557,0.5766204595565796,-0.0726243108510971,0.5764328241348267,0.6095886826515198,-0.026527803391218185,0.6085308790206909,0.5715314149856567,-0.04686639457941055,0.6284709572792053,0.5462054014205933,-0.057859938591718674,0.6441618204116821,0.5232793092727661,-0.06442959606647491,0.6087561249732971,0.6392888426780701,-0.024773869663476944,0.6382793188095093,0.6413020491600037,-0.060678862035274506,0.6064998507499695,0.6889063119888306,-0.06752748042345047,0.5796232223510742,0.7139469385147095,-0.0617644377052784,0.6310210824012756,0.6746689677238464,-0.02604745887219906,0.6560666561126709,0.6783333420753479,-0.062935009598732,0.6273512244224548,0.7147884368896484,-0.05905047804117203,0.6038935780525208,0.7284625172615051,-0.044638872146606445,0.6465165615081787,0.7125366926193237,-0.028596894815564156,0.6761724948883057,0.7071502208709717,-0.05217524990439415,0.682188093662262,0.7157669067382812,-0.049550242722034454,0.6883478760719299,0.7100127935409546,-0.040438421070575714,0.0,0.0,0.0,0.0,0.0,0.0,0.0,0.0,0.0,0.0,0.0,0.0,0.0,0.0,0.0,0.0,0.0,0.0,0.0,0.0,0.0,0.0,0.0,0.0,0.0,0.0,0.0,0.0,0.0,0.0,0.0,0.0,0.0,0.0,0.0,0.0,0.0,0.0,0.0,0.0,0.0,0.0,0.0,0.0,0.0,0.0,0.0,0.0,0.0,0.0,0.0,0.0,0.0,0.0,0.0,0.0,0.0,0.0,0.0,0.0,0.0,0.0,0.0,B,MONIKA
0.5331093072891235,0.918380081653595,7.563513122477161e-07,0.5177436470985413,0.8966726660728455,-0.051309626549482346,0.5108902454376221,0.870535135269165,-0.09087011218070984,0.4997987747192383,0.877353847026825,-0.12546072900295258,0.47959059476852417,0.9010050892829895,-0.1617438942193985,0.6030049920082092,0.7815497517585754,-0.07302221655845642,0.6441189646720886,0.7182433009147644,-0.10126057267189026,0.678268551826477,0.686864972114563,-0.12228433787822723,0.7080169916152954,0.6702684164047241,-0.1380174160003662,0.6384347081184387,0.809800922870636,-0.06595881283283234,0.6930170655250549,0.7652774453163147,-0.09660904854536057,0.7264726161956787,0.7770090699195862,-0.11743023246526718,0.7439314723014832,0.804967999458313,-0.13072611391544342,0.6558640003204346,0.847035825252533,-0.06180635094642639,0.7164195775985718,0.8108800053596497,-0.09071731567382812,0.7497073411941528,0.8243556022644043,-0.11183042079210281,0.7693942189216614,0.849375307559967,-0.12497157603502274,0.6608453392982483,0.8910180330276489,-0.061263229697942734,0.7120402455329895,0.8981665372848511,-0.08804892003536224,0.7436919808387756,0.9226627945899963,-0.10462814569473267,0.7646030187606812,0.9501472115516663,-0.11512968689203262,0.0,0.0,0.0,0.0,0.0,0.0,0.0,0.0,0.0,0.0,0.0,0.0,0.0,0.0,0.0,0.0,0.0,0.0,0.0,0.0,0.0,0.0,0.0,0.0,0.0,0.0,0.0,0.0,0.0,0.0,0.0,0.0,0.0,0.0,0.0,0.0,0.0,0.0,0.0,0.0,0.0,0.0,0.0,0.0,0.0,0.0,0.0,0.0,0.0,0.0,0.0,0.0,0.0,0.0,0.0,0.0,0.0,0.0,0.0,0.0,0.0,0.0,0.0,B,MONIKA
0.501903235912323,0.8949901461601257,7.248389124470123e-07,0.48237672448158264,0.8808754086494446,-0.05704892799258232,0.4754467010498047,0.8632010817527771,-0.09937682002782822,0.4730486273765564,0.8920078277587891,-0.1353350281715393,0.4675997793674469,0.9402754902839661,-0.17246389389038086,0.5647043585777283,0.7805850505828857,-0.08347634971141815,0.5976726412773132,0.7182012796401978,-0.11664779484272003,0.6279591917991638,0.6896905899047852,-0.1398608237504959,0.656539261341095,0.6762373447418213,-0.15659314393997192,0.6017722487449646,0.7995943427085876,-0.07473156601190567,0.6547331809997559,0.7505253553390503,-0.10555928945541382,0.6944241523742676,0.7504303455352783,-0.1255291998386383,0.7234127521514893,0.764569878578186,-0.139699324965477,0.6202920079231262,0.8292993307113647,-0.06948728859424591,0.6738691926002502,0.7891877889633179,-0.0977853462100029,0.7109310030937195,0.789421796798706,-0.11810120940208435,0.7404693961143494,0.798632025718689,-0.1317385882139206,0.6273704171180725,0.8678284287452698,-0.06853584945201874,0.6753304600715637,0.8601354956626892,-0.09110179543495178,0.7075637578964233,0.8727318048477173,-0.10450426489114761,0.7342159152030945,0.8889732360839844,-0.11435122042894363,0.0,0.0,0.0,0.0,0.0,0.0,0.0,0.0,0.0,0.0,0.0,0.0,0.0,0.0,0.0,0.0,0.0,0.0,0.0,0.0,0.0,0.0,0.0,0.0,0.0,0.0,0.0,0.0,0.0,0.0,0.0,0.0,0.0,0.0,0.0,0.0,0.0,0.0,0.0,0.0,0.0,0.0,0.0,0.0,0.0,0.0,0.0,0.0,0.0,0.0,0.0,0.0,0.0,0.0,0.0,0.0,0.0,0.0,0.0,0.0,0.0,0.0,0.0,B,MONIKA
0.4848594069480896,0.825116753578186,6.021995204719133e-07,0.44766589999198914,0.7816922068595886,-0.029531026259064674,0.4205646216869354,0.7310894131660461,-0.05122313275933266,0.4141981303691864,0.6986381411552429,-0.07057029008865356,0.411154180765152,0.6795242428779602,-0.09054955095052719,0.4897578954696655,0.6129781603813171,-0.039210688322782516,0.5100477933883667,0.5358959436416626,-0.06254164129495621,0.520479142665863,0.48782432079315186,-0.08170833438634872,0.5291127562522888,0.44379228353500366,-0.09589414298534393,0.5301711559295654,0.6264016628265381,-0.04273577407002449,0.5637196898460388,0.5431087017059326,-0.061819467693567276,0.5863645672798157,0.4892979860305786,-0.07886966317892075,0.6060658097267151,0.44096100330352783,-0.09187650680541992,0.5601316094398499,0.6587075591087341,-0.049318842589855194,0.5909874439239502,0.5880629420280457,-0.06985241174697876,0.6107127070426941,0.5466940402984619,-0.0842711329460144,0.6273207068443298,0.5087953209877014,-0.0942968875169754,0.5827316045761108,0.7051553130149841,-0.058336175978183746,0.6186187863349915,0.661649763584137,-0.07601023465394974,0.6423488259315491,0.6384661197662354,-0.08235280960798264,0.6637610197067261,0.6157575249671936,-0.0863548144698143,0.0,0.0,0.0,0.0,0.0,0.0,0.0,0.0,0.0,0.0,0.0,0.0,0.0,0.0,0.0,0.0,0.0,0.0,0.0,0.0,0.0,0.0,0.0,0.0,0.0,0.0,0.0,0.0,0.0,0.0,0.0,0.0,0.0,0.0,0.0,0.0,0.0,0.0,0.0,0.0,0.0,0.0,0.0,0.0,0.0,0.0,0.0,0.0,0.0,0.0,0.0,0.0,0.0,0.0,0.0,0.0,0.0,0.0,0.0,0.0,0.0,0.0,0.0,B,MONIKA
0.5030367374420166,0.7727479338645935,3.786625200064009e-07,0.4567137658596039,0.7160866856575012,-0.024348242208361626,0.4219718277454376,0.6465026140213013,-0.04087929427623749,0.39560720324516296,0.5929051041603088,-0.05632931739091873,0.3696555495262146,0.5485277771949768,-0.07203281670808792,0.4880605936050415,0.545006513595581,-0.021228307858109474,0.4945162236690521,0.4579746723175049,-0.0424613431096077,0.4972473978996277,0.4054063558578491,-0.06115002930164337,0.5006476640701294,0.3577483892440796,-0.07514911144971848,0.525198757648468,0.55107581615448,-0.026859229430556297,0.540481448173523,0.4559391438961029,-0.04563818871974945,0.5499564409255981,0.39460939168930054,-0.06336849182844162,0.5585069060325623,0.3391234278678894,-0.07674646377563477,0.5573485493659973,0.5747222304344177,-0.0363582968711853,0.5754204392433167,0.48895055055618286,-0.056514862924814224,0.5854576826095581,0.4355563223361969,-0.07032787054777145,0.5928112268447876,0.3861048221588135,-0.07997719198465347,0.5861075520515442,0.6116083860397339,-0.04823285713791847,0.6111465096473694,0.5486963391304016,-0.06518252938985825,0.6273236274719238,0.5083973407745361,-0.07198547571897507,0.6410930156707764,0.4689830541610718,-0.07674479484558105,0.0,0.0,0.0,0.0,0.0,0.0,0.0,0.0,0.0,0.0,0.0,0.0,0.0,0.0,0.0,0.0,0.0,0.0,0.0,0.0,0.0,0.0,0.0,0.0,0.0,0.0,0.0,0.0,0.0,0.0,0.0,0.0,0.0,0.0,0.0,0.0,0.0,0.0,0.0,0.0,0.0,0.0,0.0,0.0,0.0,0.0,0.0,0.0,0.0,0.0,0.0,0.0,0.0,0.0,0.0,0.0,0.0,0.0,0.0,0.0,0.0,0.0,0.0,B,MONIKA
0.5161901712417603,0.8813173770904541,3.608859913128981e-07,0.4708162844181061,0.8155090808868408,-0.0293106772005558,0.45017409324645996,0.731552243232727,-0.04571334272623062,0.4454761743545532,0.6619802117347717,-0.05960170179605484,0.43045735359191895,0.6039908528327942,-0.07380131632089615,0.5228256583213806,0.6531280875205994,-0.02921292744576931,0.5432159900665283,0.5696052312850952,-0.0538964569568634,0.5533966422080994,0.5168254375457764,-0.07484889775514603,0.5619023442268372,0.4668307602405548,-0.09039992094039917,0.5599775314331055,0.6682021021842957,-0.0325668565928936,0.5859784483909607,0.578856885433197,-0.053641427308321,0.5989627838134766,0.5225682258605957,-0.07116676867008209,0.6081729531288147,0.4687698781490326,-0.08436129987239838,0.5898343324661255,0.6991019248962402,-0.039860617369413376,0.6167669296264648,0.616222620010376,-0.06138366460800171,0.6301420331001282,0.5640245676040649,-0.07142274081707001,0.6396398544311523,0.5135101079940796,-0.07830729335546494,0.616471529006958,0.7425245046615601,-0.05010382831096649,0.6448664665222168,0.6802526116371155,-0.06882872432470322,0.6629651188850403,0.6407514214515686,-0.07394431531429291,0.6775845289230347,0.6019526124000549,-0.0769299566745758,0.0,0.0,0.0,0.0,0.0,0.0,0.0,0.0,0.0,0.0,0.0,0.0,0.0,0.0,0.0,0.0,0.0,0.0,0.0,0.0,0.0,0.0,0.0,0.0,0.0,0.0,0.0,0.0,0.0,0.0,0.0,0.0,0.0,0.0,0.0,0.0,0.0,0.0,0.0,0.0,0.0,0.0,0.0,0.0,0.0,0.0,0.0,0.0,0.0,0.0,0.0,0.0,0.0,0.0,0.0,0.0,0.0,0.0,0.0,0.0,0.0,0.0,0.0,B,MONIKA
0.5440394878387451,0.8914985656738281,2.690999849619402e-07,0.5053174495697021,0.8286737203598022,-0.02158449962735176,0.49513646960258484,0.7380873560905457,-0.02873070351779461,0.5042763948440552,0.6626183390617371,-0.034632470458745956,0.5038029551506042,0.5982857942581177,-0.03979892656207085,0.5350875854492188,0.6680488586425781,-0.0045692468993365765,0.5360090136528015,0.5920484662055969,-0.02114555425941944,0.5370593070983887,0.5448241829872131,-0.037012696266174316,0.5403413772583008,0.49994367361068726,-0.049105677753686905,0.57294100522995,0.6716201305389404,-0.0075222826562821865,0.5854260325431824,0.5840461254119873,-0.02091819979250431,0.5919421911239624,0.528570294380188,-0.03579395264387131,0.5981609225273132,0.47695600986480713,-0.047063495963811874,0.6039294600486755,0.6936055421829224,-0.014871122315526009,0.6208537817001343,0.6076712012290955,-0.03185733035206795,0.6299707889556885,0.5534517765045166,-0.04361424595117569,0.6364622116088867,0.5021483898162842,-0.05162401869893074,0.6315205693244934,0.7291356921195984,-0.024471234530210495,0.6545901298522949,0.6639906764030457,-0.04008401185274124,0.6705925464630127,0.6225398182868958,-0.04641711339354515,0.6832312345504761,0.582506000995636,-0.050514765083789825,0.0,0.0,0.0,0.0,0.0,0.0,0.0,0.0,0.0,0.0,0.0,0.0,0.0,0.0,0.0,0.0,0.0,0.0,0.0,0.0,0.0,0.0,0.0,0.0,0.0,0.0,0.0,0.0,0.0,0.0,0.0,0.0,0.0,0.0,0.0,0.0,0.0,0.0,0.0,0.0,0.0,0.0,0.0,0.0,0.0,0.0,0.0,0.0,0.0,0.0,0.0,0.0,0.0,0.0,0.0,0.0,0.0,0.0,0.0,0.0,0.0,0.0,0.0,B,MONIKA
0.5408142805099487,0.8772163391113281,2.8953040853707535e-08,0.5017478466033936,0.8248237371444702,-0.016698170453310013,0.48260506987571716,0.7437429428100586,-0.024208398535847664,0.48512589931488037,0.6750001907348633,-0.03356557339429855,0.5027809143066406,0.6271297931671143,-0.03970270976424217,0.5083005428314209,0.6600368022918701,0.010398665443062782,0.5050069689750671,0.5895053744316101,-0.01713453233242035,0.5041978359222412,0.5742945671081543,-0.040356047451496124,0.5033099055290222,0.5964344143867493,-0.05065525323152542,0.5449183583259583,0.6552073955535889,0.007675623055547476,0.5489768981933594,0.578177809715271,-0.013193811289966106,0.5449557304382324,0.5455489754676819,-0.030444776639342308,0.5349835157394409,0.5581849813461304,-0.037825945764780045,0.5790640711784363,0.6691057085990906,-0.0012357255909591913,0.5896045565605164,0.5955518484115601,-0.019647348672151566,0.5858725309371948,0.5577024221420288,-0.029348190873861313,0.5747085213661194,0.55600506067276,-0.0314347930252552,0.6112961173057556,0.6970404982566833,-0.012532781809568405,0.6310248374938965,0.6402392387390137,-0.026626765727996826,0.634891152381897,0.6004043221473694,-0.03364245966076851,0.6304154396057129,0.5781242847442627,-0.034956254065036774,0.0,0.0,0.0,0.0,0.0,0.0,0.0,0.0,0.0,0.0,0.0,0.0,0.0,0.0,0.0,0.0,0.0,0.0,0.0,0.0,0.0,0.0,0.0,0.0,0.0,0.0,0.0,0.0,0.0,0.0,0.0,0.0,0.0,0.0,0.0,0.0,0.0,0.0,0.0,0.0,0.0,0.0,0.0,0.0,0.0,0.0,0.0,0.0,0.0,0.0,0.0,0.0,0.0,0.0,0.0,0.0,0.0,0.0,0.0,0.0,0.0,0.0,0.0,B,MONIKA
0.5700612664222717,0.880817174911499,3.347669519371266e-07,0.5101273655891418,0.8332728147506714,-0.023182963952422142,0.46449166536331177,0.7592102885246277,-0.036028746515512466,0.433930903673172,0.7003061175346375,-0.04776600003242493,0.4042499363422394,0.658942461013794,-0.05960644781589508,0.5147666931152344,0.6573566794395447,-0.017209269106388092,0.5048149824142456,0.5730530023574829,-0.03784460201859474,0.4983322024345398,0.5212914347648621,-0.056369319558143616,0.4927222430706024,0.47132793068885803,-0.07090093940496445,0.5540136098861694,0.6524224877357483,-0.022298138588666916,0.5501443147659302,0.5594784617424011,-0.040209222584962845,0.5452412366867065,0.5030364990234375,-0.057570863515138626,0.5386399030685425,0.4471489191055298,-0.07083558291196823,0.591549813747406,0.6673714518547058,-0.0310729518532753,0.5916298627853394,0.5803742408752441,-0.05090796947479248,0.5875816345214844,0.5253496170043945,-0.06357947736978531,0.5802509784698486,0.47099828720092773,-0.07256340980529785,0.6283384561538696,0.697410523891449,-0.042081378400325775,0.6405019760131836,0.6308205723762512,-0.05974102020263672,0.6462356448173523,0.5875920057296753,-0.06624811887741089,0.6483139991760254,0.5436256527900696,-0.07061037421226501,0.0,0.0,0.0,0.0,0.0,0.0,0.0,0.0,0.0,0.0,0.0,0.0,0.0,0.0,0.0,0.0,0.0,0.0,0.0,0.0,0.0,0.0,0.0,0.0,0.0,0.0,0.0,0.0,0.0,0.0,0.0,0.0,0.0,0.0,0.0,0.0,0.0,0.0,0.0,0.0,0.0,0.0,0.0,0.0,0.0,0.0,0.0,0.0,0.0,0.0,0.0,0.0,0.0,0.0,0.0,0.0,0.0,0.0,0.0,0.0,0.0,0.0,0.0,B,MONIKA
0.6939470767974854,0.7649381160736084,3.469480702733563e-07,0.6307198405265808,0.7357407808303833,-0.02303081937134266,0.5688561201095581,0.6817582845687866,-0.035115424543619156,0.5238441228866577,0.6396085023880005,-0.04617902263998985,0.485549658536911,0.6143792271614075,-0.05709737166762352,0.610211968421936,0.5596375465393066,-0.014166617766022682,0.586811363697052,0.4786607623100281,-0.03249496966600418,0.5721161961555481,0.4287186861038208,-0.049468133598566055,0.5592400431632996,0.38400715589523315,-0.06267311424016953,0.6439535617828369,0.5456743240356445,-0.018641626462340355,0.6240693926811218,0.45190465450286865,-0.03424683213233948,0.6088324785232544,0.3939707279205322,-0.04842563346028328,0.5940408706665039,0.3438112437725067,-0.05916951224207878,0.6802041530609131,0.5497050881385803,-0.027464451268315315,0.6651595830917358,0.4607238471508026,-0.044548265635967255,0.6521955132484436,0.4067081809043884,-0.054852403700351715,0.6382038593292236,0.35846948623657227,-0.062263209372758865,0.7206119298934937,0.56703782081604,-0.038970038294792175,0.7240160703659058,0.4976046681404114,-0.05371769517660141,0.7224999666213989,0.4513092041015625,-0.05933469161391258,0.7178975939750671,0.4066048860549927,-0.06343912333250046,0.0,0.0,0.0,0.0,0.0,0.0,0.0,0.0,0.0,0.0,0.0,0.0,0.0,0.0,0.0,0.0,0.0,0.0,0.0,0.0,0.0,0.0,0.0,0.0,0.0,0.0,0.0,0.0,0.0,0.0,0.0,0.0,0.0,0.0,0.0,0.0,0.0,0.0,0.0,0.0,0.0,0.0,0.0,0.0,0.0,0.0,0.0,0.0,0.0,0.0,0.0,0.0,0.0,0.0,0.0,0.0,0.0,0.0,0.0,0.0,0.0,0.0,0.0,B,MONIKA
0.7374195456504822,0.8913075923919678,5.146166586200707e-07,0.6737996339797974,0.8564529418945312,-0.030458780005574226,0.6108867526054382,0.7967868447303772,-0.04970726743340492,0.560533344745636,0.7508793473243713,-0.06664831936359406,0.5170832872390747,0.7202719449996948,-0.08342549949884415,0.6582926511764526,0.6538766026496887,-0.030028309673070908,0.64101243019104,0.5538826584815979,-0.05365336313843727,0.6304343342781067,0.4929029941558838,-0.07373020797967911,0.6227946281433105,0.437360942363739,-0.08932172507047653,0.6998137831687927,0.6442474126815796,-0.034276776015758514,0.6825196743011475,0.5336430072784424,-0.0550648532807827,0.6714191436767578,0.4636860489845276,-0.07393625378608704,0.6614585518836975,0.39851149916648865,-0.0884023979306221,0.7433567047119141,0.6559956669807434,-0.04264412075281143,0.735000729560852,0.5520520210266113,-0.06658140569925308,0.7267172336578369,0.48608487844467163,-0.08290410786867142,0.7167359590530396,0.4236624240875244,-0.09447164088487625,0.7903730273246765,0.6844431757926941,-0.05361328646540642,0.8040879964828491,0.6087598204612732,-0.07630700618028641,0.8109261393547058,0.557481050491333,-0.086676225066185,0.8140603303909302,0.5059548616409302,-0.09356370568275452,0.0,0.0,0.0,0.0,0.0,0.0,0.0,0.0,0.0,0.0,0.0,0.0,0.0,0.0,0.0,0.0,0.0,0.0,0.0,0.0,0.0,0.0,0.0,0.0,0.0,0.0,0.0,0.0,0.0,0.0,0.0,0.0,0.0,0.0,0.0,0.0,0.0,0.0,0.0,0.0,0.0,0.0,0.0,0.0,0.0,0.0,0.0,0.0,0.0,0.0,0.0,0.0,0.0,0.0,0.0,0.0,0.0,0.0,0.0,0.0,0.0,0.0,0.0,B,MONIKA
