0.28048738837242126,0.5157399773597717,-2.659139113347919e-07,0.3328236937522888,0.4876498281955719,-0.021399199962615967,0.37241631746292114,0.41139671206474304,-0.028744272887706757,0.393597275018692,0.34664833545684814,-0.03423117846250534,0.42287224531173706,0.3131599426269531,-0.03481597825884819,0.3412477672100067,0.33994102478027344,-0.00891516637057066,0.35275542736053467,0.31384414434432983,-0.02935129962861538,0.3489978313446045,0.37268805503845215,-0.03634295612573624,0.34232962131500244,0.3873249590396881,-0.038894884288311005,0.303830623626709,0.33839431405067444,-0.007020991295576096,0.3150659203529358,0.31626516580581665,-0.027287892997264862,0.3196503520011902,0.38489842414855957,-0.025726318359375,0.31556084752082825,0.39115577936172485,-0.020317260175943375,0.268216997385025,0.3506040573120117,-0.009713524021208286,0.2772039473056793,0.3262650966644287,-0.03294778987765312,0.290039598941803,0.39049869775772095,-0.020569853484630585,0.28864723443984985,0.4015292823314667,-0.007351354695856571,0.2346925586462021,0.3703221082687378,-0.014065274968743324,0.24382904171943665,0.3561989367008209,-0.02829604409635067,0.2601638734340668,0.39884525537490845,-0.018672389909625053,0.26248520612716675,0.4099644720554352,-0.007919619791209698,A
0.29242417216300964,0.5244842767715454,-2.6372052275291935e-07,0.34374886751174927,0.4974236786365509,-0.019530100747942924,0.3841116726398468,0.4201926290988922,-0.02583884634077549,0.4053466320037842,0.35781967639923096,-0.030297772958874702,0.43302303552627563,0.3236099183559418,-0.03001399338245392,0.35004812479019165,0.35033780336380005,-0.009401160292327404,0.36628687381744385,0.32805636525154114,-0.02776375412940979,0.36192426085472107,0.3861643970012665,-0.03318323940038681,0.35385510325431824,0.3991393744945526,-0.03511231392621994,0.31350910663604736,0.34919363260269165,-0.008009692654013634,0.32962706685066223,0.33085837960243225,-0.02651212550699711,0.33287960290908813,0.39730149507522583,-0.024625597521662712,0.326499879360199,0.4022248387336731,-0.019631031900644302,0.2791650593280792,0.36113983392715454,-0.010674940422177315,0.29401659965515137,0.34104788303375244,-0.031937360763549805,0.3056849241256714,0.40425461530685425,-0.019695177674293518,0.30143123865127563,0.4145830273628235,-0.007455643732100725,0.24683856964111328,0.3797615170478821,-0.014816531911492348,0.26226332783699036,0.3692437410354614,-0.02788572385907173,0.27701184153556824,0.41273707151412964,-0.01816588081419468,0.27594226598739624,0.4238017797470093,-0.007863007485866547,A
0.25066590309143066,0.6037203669548035,-4.1735361833161733e-07,0.33739012479782104,0.571782112121582,-0.042312126606702805,0.42249685525894165,0.4642963707447052,-0.05666729435324669,0.4645838737487793,0.37094178795814514,-0.0650968849658966,0.514384925365448,0.32580411434173584,-0.06404507160186768,0.372346431016922,0.33384764194488525,-0.020792443305253983,0.3935956060886383,0.3162272572517395,-0.0523110069334507,0.3750160336494446,0.4073660373687744,-0.06244876980781555,0.3620315492153168,0.41395702958106995,-0.0672442838549614,0.31321078538894653,0.31855204701423645,-0.013305657543241978,0.3303477466106415,0.31232523918151855,-0.0452752448618412,0.3240598142147064,0.4191535711288452,-0.04234316945075989,0.3194987177848816,0.4120664894580841,-0.03394182771444321,0.2573893666267395,0.32631948590278625,-0.013692648150026798,0.2683185040950775,0.323110967874527,-0.046633634716272354,0.2757627069950104,0.41895291209220886,-0.026669533923268318,0.2761666178703308,0.41687291860580444,-0.0074928863905370235,0.2063237577676773,0.34363555908203125,-0.0180093701928854,0.21295952796936035,0.3476395905017853,-0.03391487896442413,0.22752320766448975,0.4133872985839844,-0.01800088956952095,0.2314278483390808,0.41703537106513977,-0.002173235872760415,A
0.3767381012439728,0.5250250101089478,-2.841982507106877e-07,0.4315861165523529,0.5033225417137146,-0.01770028844475746,0.48560672998428345,0.4342344403266907,-0.023027567192912102,0.5181770324707031,0.37993156909942627,-0.027280477806925774,0.547249436378479,0.34878429770469666,-0.027023369446396828,0.455000102519989,0.35654616355895996,-0.00688390014693141,0.478225439786911,0.3365315794944763,-0.025752199813723564,0.4659571349620819,0.3978920876979828,-0.03276180475950241,0.45612651109695435,0.41311633586883545,-0.035557396709918976,0.42021799087524414,0.34716475009918213,-0.006688817869871855,0.4399340748786926,0.33448588848114014,-0.024292077869176865,0.43172550201416016,0.4032800495624542,-0.02252814546227455,0.4234873652458191,0.41150355339050293,-0.01816380023956299,0.38467496633529663,0.34969696402549744,-0.010795875452458858,0.4025067090988159,0.33678680658340454,-0.029493659734725952,0.40174415707588196,0.4017352759838104,-0.015915704891085625,0.39407527446746826,0.41449207067489624,-0.0035339316818863153,0.3486347794532776,0.35785236954689026,-0.01659422367811203,0.36586394906044006,0.35030490159988403,-0.025621792301535606,0.3703959286212921,0.3957206606864929,-0.01349722221493721,0.3642583191394806,0.40817540884017944,-0.002155747264623642,A
0.3272123336791992,0.5618366599082947,-2.4122601871567895e-07,0.37564927339553833,0.5475158095359802,-0.016453860327601433,0.41890931129455566,0.48923131823539734,-0.02146349474787712,0.44265908002853394,0.43669018149375916,-0.025271425023674965,0.4707448482513428,0.412221223115921,-0.025524387136101723,0.3955925703048706,0.42794275283813477,-0.008366826921701431,0.4089677631855011,0.39996811747550964,-0.025928093120455742,0.40300631523132324,0.44936466217041016,-0.0315697081387043,0.39827683568000793,0.47053062915802,-0.03263314813375473,0.3636668026447296,0.4218672215938568,-0.006931517738848925,0.37453845143318176,0.39835500717163086,-0.025373443961143494,0.37222912907600403,0.45844751596450806,-0.024141885340213776,0.36807405948638916,0.47765907645225525,-0.018948176875710487,0.33212798833847046,0.4244680404663086,-0.00919642485678196,0.3416834771633148,0.4033187925815582,-0.029013080522418022,0.34591472148895264,0.46165838837623596,-0.01848437450826168,0.34364941716194153,0.4828052520751953,-0.006697448436170816,0.30021798610687256,0.4331550896167755,-0.01268791314214468,0.3106279969215393,0.42006948590278625,-0.024522723630070686,0.31884339451789856,0.4604854881763458,-0.016400564461946487,0.3189889192581177,0.47714826464653015,-0.007065273821353912,A
0.3018908202648163,0.5601604580879211,-3.040537137621868e-07,0.3577474057674408,0.5398342609405518,-0.021875794976949692,0.4049372673034668,0.4611019790172577,-0.027700738981366158,0.4249986708164215,0.3927662968635559,-0.031165197491645813,0.4519483149051666,0.3569110631942749,-0.029215145856142044,0.379060298204422,0.38314393162727356,-0.009019880555570126,0.395106703042984,0.3633807897567749,-0.02911064773797989,0.387645423412323,0.4278410077095032,-0.035035792738199234,0.3823818862438202,0.4414356052875519,-0.03697288781404495,0.3399185240268707,0.3732813000679016,-0.0064516132697463036,0.35428810119628906,0.3609277904033661,-0.02571224234998226,0.35104313492774963,0.4329931139945984,-0.022709572687745094,0.3462553918361664,0.4363465905189514,-0.016407957300543785,0.3028528392314911,0.3781511187553406,-0.008770610205829144,0.3142322301864624,0.36927807331085205,-0.029085297137498856,0.31935766339302063,0.43515604734420776,-0.015403593890368938,0.31663715839385986,0.44211581349372864,-0.002384987659752369,0.26781174540519714,0.3901021182537079,-0.013128974474966526,0.2771744430065155,0.3902120590209961,-0.023373467847704887,0.28712281584739685,0.43515804409980774,-0.0127950981259346,0.2874603271484375,0.4419674277305603,-0.002228244673460722,A
0.3145652711391449,0.5499672293663025,-3.3666165677459503e-07,0.36711564660072327,0.5354700088500977,-0.016955384984612465,0.41307419538497925,0.4659140408039093,-0.019636092707514763,0.4290591776371002,0.4017394483089447,-0.0209047868847847,0.44968587160110474,0.36587730050086975,-0.017061501741409302,0.39291608333587646,0.39003780484199524,-0.005689368583261967,0.4101737141609192,0.36805781722068787,-0.02326332777738571,0.4017840027809143,0.43012887239456177,-0.02731640450656414,0.3952549993991852,0.44327017664909363,-0.028278334066271782,0.3582231402397156,0.3817386031150818,-0.005137980449944735,0.374420166015625,0.3693981170654297,-0.024191007018089294,0.36941003799438477,0.43644875288009644,-0.022896306589245796,0.3612270653247833,0.4404473602771759,-0.01813802495598793,0.32394272089004517,0.3859761953353882,-0.00860526878386736,0.3386639952659607,0.3756064474582672,-0.031249402090907097,0.3411082327365875,0.4403272271156311,-0.020581696182489395,0.3340800702571869,0.44808071851730347,-0.008961983025074005,0.2892789840698242,0.3967027962207794,-0.013248994946479797,0.3068774342536926,0.39767128229141235,-0.027206914499402046,0.313894122838974,0.4426848590373993,-0.018940212205052376,0.3085821866989136,0.44937437772750854,-0.009449613280594349,A
0.3096815347671509,0.5596832633018494,-3.0471773015960935e-07,0.3617870807647705,0.5452677011489868,-0.01566586270928383,0.4071982502937317,0.4739992320537567,-0.018015088513493538,0.43380916118621826,0.4183681607246399,-0.019504472613334656,0.46178674697875977,0.39199644327163696,-0.016614243388175964,0.38664624094963074,0.408672571182251,-0.0054112570360302925,0.4043099880218506,0.3812645375728607,-0.023613715544342995,0.3955230712890625,0.4400545656681061,-0.029041634872555733,0.38830554485321045,0.4584518074989319,-0.030193086713552475,0.353238970041275,0.40017184615135193,-0.004822203889489174,0.36704742908477783,0.3784310221672058,-0.02306991070508957,0.36197370290756226,0.44453001022338867,-0.020800895988941193,0.3548779785633087,0.4561634361743927,-0.015210180543363094,0.3188275694847107,0.40279316902160645,-0.008361626416444778,0.3305149972438812,0.38332512974739075,-0.028066514059901237,0.3322203457355499,0.4471651613712311,-0.015262618660926819,0.32689815759658813,0.4619714021682739,-0.002499060472473502,0.28413718938827515,0.4105263650417328,-0.013267968781292439,0.2966567277908325,0.40091145038604736,-0.023716146126389503,0.3030301332473755,0.4447856843471527,-0.013185469433665276,0.29997673630714417,0.4572720229625702,-0.002642118837684393,A
0.3690984845161438,0.7893191576004028,3.553842873316171e-07,0.41584932804107666,0.7567002773284912,-0.02554977312684059,0.4510194659233093,0.6990829706192017,-0.03795282915234566,0.45100611448287964,0.6470990180969238,-0.049284882843494415,0.42427125573158264,0.6231017112731934,-0.06076595559716225,0.4311111271381378,0.5799753069877625,-0.020055318251252174,0.43830057978630066,0.49840205907821655,-0.03886045888066292,0.4367164373397827,0.4461590647697449,-0.05569342151284218,0.4331040680408478,0.3994162082672119,-0.06792299449443817,0.3978425860404968,0.5703033208847046,-0.022460613399744034,0.4051953852176666,0.47600257396698,-0.03902207687497139,0.4059293866157532,0.41268080472946167,-0.05455152690410614,0.4033719599246979,0.3603905439376831,-0.06562099605798721,0.3653014898300171,0.5801022052764893,-0.028284898027777672,0.3638186752796173,0.4925524592399597,-0.04434559866786003,0.36200207471847534,0.43636661767959595,-0.05696195736527443,0.3580307960510254,0.3905859589576721,-0.06515030562877655,0.3325514793395996,0.6060920357704163,-0.03698756545782089,0.33062610030174255,0.5389214158058167,-0.051027361303567886,0.32747265696525574,0.49351662397384644,-0.057870008051395416,0.32326439023017883,0.45261672139167786,-0.06225067004561424,B
0.32794663310050964,0.807184636592865,4.796932557837863e-07,0.38997986912727356,0.7733178734779358,-0.03770871087908745,0.4326096773147583,0.7050938010215759,-0.05719804763793945,0.4263788163661957,0.6419095993041992,-0.07473588734865189,0.3922699987888336,0.6069750189781189,-0.09277096390724182,0.413893461227417,0.5504783391952515,-0.03504406288266182,0.42284858226776123,0.4472619295120239,-0.06333565711975098,0.4222779870033264,0.3799549639225006,-0.08741801232099533,0.4193981885910034,0.3183193504810333,-0.10477898269891739,0.3689505457878113,0.5375004410743713,-0.03744356706738472,0.3781672716140747,0.4187253713607788,-0.0627618357539177,0.3794771730899811,0.3359849452972412,-0.08521571010351181,0.3789171278476715,0.26493892073631287,-0.10132228583097458,0.3256160020828247,0.5499827861785889,-0.04442819207906723,0.3256949782371521,0.4385609030723572,-0.06877972185611725,0.3240775465965271,0.3652679920196533,-0.08679284155368805,0.3216128647327423,0.3034825921058655,-0.09831997007131577,0.282366007566452,0.5825755596160889,-0.055353570729494095,0.28153038024902344,0.4952026605606079,-0.07696773111820221,0.2795444130897522,0.43484973907470703,-0.08785183727741241,0.2773614525794983,0.37910598516464233,-0.09473377466201782,B
0.3504404127597809,0.7818397283554077,4.2589107351886923e-07,0.4001062512397766,0.7532150149345398,-0.03377699479460716,0.4349910020828247,0.6966244578361511,-0.05067656934261322,0.4320489764213562,0.6425066590309143,-0.06530974060297012,0.41069096326828003,0.6110504865646362,-0.07982203364372253,0.41919273138046265,0.5691049098968506,-0.03052475117146969,0.42843469977378845,0.48155078291893005,-0.05383387953042984,0.428318053483963,0.4249669313430786,-0.07337988168001175,0.4259888529777527,0.3740701675415039,-0.08725477010011673,0.3827059864997864,0.5572155714035034,-0.030723877251148224,0.3919118344783783,0.45696181058883667,-0.05184398591518402,0.39417028427124023,0.38753634691238403,-0.07054933160543442,0.3939630389213562,0.3288092017173767,-0.08370009809732437,0.3471551835536957,0.5651498436927795,-0.03495064377784729,0.34788116812705994,0.4718276560306549,-0.05483179911971092,0.3475748598575592,0.4097789227962494,-0.07070881128311157,0.3460378050804138,0.3579508066177368,-0.08099943399429321,0.31137794256210327,0.5900497436523438,-0.04260736331343651,0.3104175627231598,0.5196775794029236,-0.05995023250579834,0.30810558795928955,0.4696882665157318,-0.06965123862028122,0.30552607774734497,0.4234085977077484,-0.07597745209932327,B
0.31718921661376953,0.7647307515144348,4.3357189838388877e-07,0.36801013350486755,0.732875406742096,-0.0368412584066391,0.4021283686161041,0.6734641194343567,-0.05387759208679199,0.3864690363407135,0.6234949231147766,-0.06772393733263016,0.3566510081291199,0.5972707271575928,-0.08136242628097534,0.37912043929100037,0.5498112440109253,-0.032340213656425476,0.3811545968055725,0.46335917711257935,-0.05493702366948128,0.378289133310318,0.4076780080795288,-0.07407872378826141,0.37467825412750244,0.35744810104370117,-0.08778521418571472,0.3402032256126404,0.5417217016220093,-0.03053632751107216,0.3426934480667114,0.44400036334991455,-0.05050334334373474,0.34178563952445984,0.37552523612976074,-0.06919730454683304,0.3405262231826782,0.31692585349082947,-0.08269260823726654,0.3050462603569031,0.553602933883667,-0.03293802589178085,0.3016132414340973,0.46347010135650635,-0.052167877554893494,0.298772394657135,0.4020192623138428,-0.06853800266981125,0.2958725392818451,0.3499014973640442,-0.07915940880775452,0.2714177966117859,0.5815810561180115,-0.03901275619864464,0.26684629917144775,0.511354923248291,-0.056031208485364914,0.26265251636505127,0.4624730050563812,-0.06592472642660141,0.25826898217201233,0.41703128814697266,-0.0724090114235878,B
0.3282330632209778,0.7470596432685852,4.579492838274746e-07,0.387949138879776,0.7274394035339355,-0.03586626052856445,0.43439367413520813,0.6721654534339905,-0.05286967381834984,0.4332616627216339,0.608493983745575,-0.06744315475225449,0.4047846496105194,0.5763493180274963,-0.0823184996843338,0.42159324884414673,0.5237252116203308,-0.03219955414533615,0.4390473961830139,0.42707836627960205,-0.05633629858493805,0.4468461573123932,0.3663351237773895,-0.07685153186321259,0.4525098204612732,0.31143778562545776,-0.09187614172697067,0.38195616006851196,0.5045932531356812,-0.03274540230631828,0.40007901191711426,0.3966759443283081,-0.05475064367055893,0.41093412041664124,0.32354989647865295,-0.07496113330125809,0.41946345567703247,0.26096752285957336,-0.0895751565694809,0.3426845073699951,0.5084989666938782,-0.03755846247076988,0.3493720591068268,0.40644505620002747,-0.05879005417227745,0.3559762239456177,0.34059035778045654,-0.07673720270395279,0.3618523180484772,0.2857286334037781,-0.0887020006775856,0.3025256395339966,0.5301865935325623,-0.04605339094996452,0.3057085871696472,0.45135629177093506,-0.06482493132352829,0.3076697289943695,0.39920687675476074,-0.07567495852708817,0.30962327122688293,0.35257458686828613,-0.0830642580986023,B
0.25089797377586365,0.8330915570259094,5.942803795733198e-07,0.32366159558296204,0.7883048057556152,-0.05053478479385376,0.3756815195083618,0.7073840498924255,-0.07393695414066315,0.35187360644340515,0.6328809857368469,-0.09314605593681335,0.3054080307483673,0.5973199605941772,-0.11221817135810852,0.3458784222602844,0.5434353351593018,-0.043797727674245834,0.3538820743560791,0.4236713945865631,-0.07506687939167023,0.35198548436164856,0.34610456228256226,-0.10179903358221054,0.34917712211608887,0.27589696645736694,-0.12101637572050095,0.2945898473262787,0.5278735160827637,-0.04151050001382828,0.3030092716217041,0.393995076417923,-0.0690537616610527,0.3028164207935333,0.299334317445755,-0.09532207250595093,0.301937073469162,0.2200654149055481,-0.11447843909263611,0.24829590320587158,0.5398085713386536,-0.044908180832862854,0.24872112274169922,0.41624078154563904,-0.07067494094371796,0.248003751039505,0.3335144817829132,-0.09252384305000305,0.24690231680870056,0.26598021388053894,-0.1068461611866951,0.20176008343696594,0.5732437968254089,-0.05347496643662453,0.20105138421058655,0.4762575030326843,-0.0755913108587265,0.2010180950164795,0.40907445549964905,-0.08829712122678757,0.20016738772392273,0.3489396274089813,-0.0968131348490715,B
0.32470789551734924,0.7660132050514221,3.9008574503895943e-07,0.37087273597717285,0.7422890663146973,-0.030046138912439346,0.4067438840866089,0.6929213404655457,-0.04426119476556778,0.3991076946258545,0.6437662243843079,-0.055935729295015335,0.3693721890449524,0.6224809288978577,-0.06753702461719513,0.38066619634628296,0.5774089694023132,-0.02589413709938526,0.386353462934494,0.49928247928619385,-0.044498004019260406,0.3862791061401367,0.4509900212287903,-0.060010481625795364,0.3855505585670471,0.40888458490371704,-0.07086721062660217,0.346483051776886,0.569031298160553,-0.024527234956622124,0.35294294357299805,0.4813295006752014,-0.04039674624800682,0.35557037591934204,0.4239473342895508,-0.055128373205661774,0.35668978095054626,0.3778002858161926,-0.06556889414787292,0.3153320550918579,0.5786360502243042,-0.026556743308901787,0.3126710057258606,0.4991844892501831,-0.04125920310616493,0.3118182420730591,0.4485061764717102,-0.05352102592587471,0.311149001121521,0.407961368560791,-0.06156961992383003,0.2856326699256897,0.6033164262771606,-0.03171262890100479,0.2826770544052124,0.5412686467170715,-0.044138114899396896,0.280241996049881,0.5000801682472229,-0.05088372528553009,0.2783359885215759,0.4628617763519287,-0.055349379777908325,B
0.314077228307724,0.7691686153411865,4.5207124799162557e-07,0.3595658242702484,0.7384200692176819,-0.032169558107852936,0.38839584589004517,0.6810591816902161,-0.04873877763748169,0.37004366517066956,0.6325510740280151,-0.0629086121916771,0.33455801010131836,0.6155270934104919,-0.07722435891628265,0.38118186593055725,0.5737466812133789,-0.03205130994319916,0.38969430327415466,0.4907456040382385,-0.0549779050052166,0.39327406883239746,0.4375040531158447,-0.07368004322052002,0.3956897556781769,0.38914361596107483,-0.08703964948654175,0.34514951705932617,0.5617644190788269,-0.03307764232158661,0.35332632064819336,0.4673406779766083,-0.05337316915392876,0.35775983333587646,0.4012914299964905,-0.071045882999897,0.3610702157020569,0.3438587486743927,-0.08359856903553009,0.3110811710357666,0.5711514949798584,-0.037681933492422104,0.31226906180381775,0.48302900791168213,-0.05747991427779198,0.3145061731338501,0.4230983555316925,-0.07282105833292007,0.3158169984817505,0.3717508316040039,-0.08244560658931732,0.2781620919704437,0.5954816341400146,-0.04544159397482872,0.28015419840812683,0.528046727180481,-0.06238983944058418,0.2828030586242676,0.4805087149143219,-0.07127264142036438,0.28455257415771484,0.43691396713256836,-0.07704094052314758,B
0.26443466544151306,0.7710219621658325,3.552482610302832e-07,0.33054253458976746,0.7323036193847656,-0.02596747688949108,0.37506020069122314,0.6525148749351501,-0.03186991810798645,0.3560834228992462,0.577082633972168,-0.03565801680088043,0.3165076673030853,0.5461302399635315,-0.039299119263887405,0.35669785737991333,0.5488589406013489,-0.00880654901266098,0.369581401348114,0.45797011256217957,-0.02199709787964821,0.37209373712539673,0.4009469747543335,-0.03563082963228226,0.3731559216976166,0.3519900441169739,-0.046001236885786057,0.31861358880996704,0.5344467163085938,-0.00797002948820591,0.3326546847820282,0.4348219931125641,-0.018702151253819466,0.3385087251663208,0.36616945266723633,-0.032424066215753555,0.34135881066322327,0.31119808554649353,-0.042888205498456955,0.2830219268798828,0.5389918684959412,-0.011156687512993813,0.2904863953590393,0.44599270820617676,-0.023240385577082634,0.29732927680015564,0.3871072232723236,-0.0353509858250618,0.30040839314460754,0.3422582745552063,-0.043415844440460205,0.24410280585289001,0.5579589605331421,-0.017250876873731613,0.2501503527164459,0.48547571897506714,-0.02824639156460762,0.2563806176185608,0.43704167008399963,-0.03407107666134834,0.2603439688682556,0.3949275016784668,-0.038057271391153336,B
0.2951158583164215,0.8071743249893188,4.1214855173166143e-07,0.3536158502101898,0.7654610276222229,-0.03233642503619194,0.3944832682609558,0.6893484592437744,-0.044099584221839905,0.3813515603542328,0.6215211749076843,-0.05352002754807472,0.34106364846229553,0.5953766703605652,-0.06291080266237259,0.3655622601509094,0.5746243596076965,-0.01976020261645317,0.36868008971214294,0.48168474435806274,-0.038272179663181305,0.36484774947166443,0.42302441596984863,-0.05582829564809799,0.3609488010406494,0.37083351612091064,-0.06896872818470001,0.32630857825279236,0.56716388463974,-0.019293025135993958,0.330729216337204,0.4639240503311157,-0.03558152914047241,0.32920417189598083,0.39171338081359863,-0.05315399542450905,0.3269426226615906,0.33185040950775146,-0.06635260581970215,0.2904968857765198,0.5784725546836853,-0.02319483272731304,0.2896229326725006,0.48391783237457275,-0.040177781134843826,0.28902822732925415,0.4210164546966553,-0.055225055664777756,0.2876865565776825,0.370015949010849,-0.0651872381567955,0.2536863088607788,0.6041083335876465,-0.030555613338947296,0.2542777359485626,0.5289742350578308,-0.04582357406616211,0.2547314167022705,0.47837358713150024,-0.054168783128261566,0.2543458938598633,0.4331592321395874,-0.05988132581114769,B
0.29698997735977173,0.9283764362335205,4.960668320563855e-07,0.3501212000846863,0.8890782594680786,-0.04272052273154259,0.3843589425086975,0.8189184665679932,-0.0626220703125,0.36999747157096863,0.7547016739845276,-0.07884638011455536,0.3430672585964203,0.725782036781311,-0.09420384466648102,0.3618794083595276,0.6906985640525818,-0.03229767829179764,0.36527684330940247,0.5942471027374268,-0.057663753628730774,0.3622741103172302,0.5316396951675415,-0.08016569167375565,0.35880711674690247,0.4752654433250427,-0.09646068513393402,0.3208163380622864,0.6803203225135803,-0.029086818918585777,0.3232995867729187,0.5708659887313843,-0.052274808287620544,0.32132402062416077,0.4955586791038513,-0.074003204703331,0.31980764865875244,0.429328590631485,-0.08918363600969315,0.2835650146007538,0.6895720958709717,-0.030960392206907272,0.27932050824165344,0.5883228182792664,-0.05356381833553314,0.27563992142677307,0.5212767720222473,-0.07105391472578049,0.2725497782230377,0.46567603945732117,-0.08166205883026123,0.2483406364917755,0.7148591876029968,-0.037141140550374985,0.24566030502319336,0.6375631093978882,-0.055479805916547775,0.24424931406974792,0.5864649415016174,-0.06500852108001709,0.24307388067245483,0.5407533049583435,-0.0708790048956871,B
0.3067639470100403,0.9141576886177063,4.5763871980852855e-07,0.35828644037246704,0.870669424533844,-0.04192677140235901,0.38791853189468384,0.7935804128646851,-0.06083269417285919,0.3717990219593048,0.7213599681854248,-0.076329804956913,0.3339960277080536,0.6843404769897461,-0.09055867046117783,0.3857830762863159,0.6720518469810486,-0.02922891266644001,0.39178842306137085,0.5726996660232544,-0.05423380061984062,0.3907240927219391,0.5080902576446533,-0.07630973309278488,0.3890920877456665,0.45047950744628906,-0.0923556536436081,0.34526705741882324,0.6573294997215271,-0.026936234906315804,0.35164874792099,0.5477181077003479,-0.04937167838215828,0.3523186147212982,0.4704531729221344,-0.06957574188709259,0.35313060879707336,0.40293389558792114,-0.08370795100927353,0.3070361614227295,0.6662203669548035,-0.030143460258841515,0.30742931365966797,0.5639796853065491,-0.05231976509094238,0.3068823218345642,0.49503839015960693,-0.0684264749288559,0.30617308616638184,0.43739381432533264,-0.07806280255317688,0.26951396465301514,0.6920737624168396,-0.037848543375730515,0.2697921097278595,0.6129837036132812,-0.057025495916604996,0.2699102461338043,0.5564336776733398,-0.06680073589086533,0.26968055963516235,0.5058714151382446,-0.07262298464775085,B
0.23093780875205994,0.7371375560760498,2.1740183342444652e-07,0.2693054676055908,0.7280378937721252,-0.029670724645256996,0.2997768521308899,0.7133989334106445,-0.05141003802418709,0.31824254989624023,0.7048341035842896,-0.07315035909414291,0.3327052593231201,0.6967438459396362,-0.0926838293671608,0.3247515559196472,0.5534263253211975,-0.013746112585067749,0.3390237092971802,0.48388218879699707,-0.037146445363759995,0.3371954560279846,0.4767453372478485,-0.0586223304271698,0.33174893260002136,0.5042710304260254,-0.06946113705635071,0.2919037640094757,0.5364948511123657,-0.010470478795468807,0.30101442337036133,0.4592185616493225,-0.028708256781101227,0.30338796973228455,0.46242618560791016,-0.04703037440776825,0.3043822944164276,0.49559077620506287,-0.05722508206963539,0.25787365436553955,0.5367109179496765,-0.011541236191987991,0.262773722410202,0.4669041335582733,-0.025417078286409378,0.2692704498767853,0.46988511085510254,-0.0371050201356411,0.2728099226951599,0.5014830827713013,-0.04254163056612015,0.22224585711956024,0.5492688417434692,-0.01564873196184635,0.2270679622888565,0.4900350868701935,-0.024273905903100967,0.23563769459724426,0.4839055836200714,-0.027849698439240456,0.24406151473522186,0.5001953840255737,-0.027982298284769058,C
0.18452543020248413,0.7656313180923462,3.1369145858661796e-07,0.24266617000102997,0.7473254203796387,-0.023625046014785767,0.294637531042099,0.7238370180130005,-0.043858230113983154,0.3321174085140228,0.7135677337646484,-0.06583131849765778,0.3592042326927185,0.6849201917648315,-0.0884019136428833,0.2906629145145416,0.5646247267723083,-0.020342925563454628,0.3126399517059326,0.4746452867984772,-0.05420033633708954,0.336972177028656,0.47380176186561584,-0.08445588499307632,0.35651156306266785,0.503570020198822,-0.10117660462856293,0.258276104927063,0.5542888641357422,-0.026408430188894272,0.28087761998176575,0.4493461847305298,-0.06085522472858429,0.30888479948043823,0.45690006017684937,-0.09369587898254395,0.3297922611236572,0.4988114833831787,-0.11246947199106216,0.22343960404396057,0.5567192435264587,-0.03610847890377045,0.23929063975811005,0.45961466431617737,-0.06302394717931747,0.2693748474121094,0.46043914556503296,-0.08739697933197021,0.294006884098053,0.4950633645057678,-0.10036695748567581,0.18486236035823822,0.5722963809967041,-0.04807985574007034,0.20094560086727142,0.49549204111099243,-0.06872864067554474,0.2306840419769287,0.4735293984413147,-0.0833369717001915,0.2613597512245178,0.476882666349411,-0.09144430607557297,C
0.24057310819625854,0.7500508427619934,1.483925160528088e-07,0.28330180048942566,0.7432259321212769,-0.023305105045437813,0.31360992789268494,0.7246173620223999,-0.04374776408076286,0.32786285877227783,0.7290599346160889,-0.06711319088935852,0.3265259563922882,0.735348105430603,-0.0899512842297554,0.3396611213684082,0.558110773563385,-0.009990250691771507,0.35002604126930237,0.4774431586265564,-0.036592286080121994,0.34786882996559143,0.47993534803390503,-0.06118414178490639,0.34278836846351624,0.5177003145217896,-0.07373109459877014,0.30240598320961,0.5418896079063416,-0.012278052046895027,0.3106236755847931,0.4494146406650543,-0.036052510142326355,0.3095470070838928,0.4666081964969635,-0.059944141656160355,0.3079514801502228,0.516144871711731,-0.07259389758110046,0.2641599774360657,0.5427478551864624,-0.01838638447225094,0.2691561281681061,0.4575403034687042,-0.03570791333913803,0.2737385630607605,0.470223605632782,-0.053081706166267395,0.2748839557170868,0.515957236289978,-0.061090461909770966,0.22562792897224426,0.5561266541481018,-0.02675795555114746,0.2295348048210144,0.4853894114494324,-0.03672255575656891,0.23649448156356812,0.4857933521270752,-0.042284075170755386,0.2432139366865158,0.5155085325241089,-0.04364588484168053,C
0.2305106222629547,0.713776171207428,1.1062916627224695e-07,0.27074530720710754,0.7042219042778015,-0.032495200634002686,0.2911672592163086,0.695393443107605,-0.06344564259052277,0.29071152210235596,0.6950101256370544,-0.09506100416183472,0.2797061800956726,0.7014439702033997,-0.1245921179652214,0.31591472029685974,0.5150973796844482,-0.03493693098425865,0.3195030689239502,0.42576441168785095,-0.06657189875841141,0.29927635192871094,0.42782366275787354,-0.08917777985334396,0.28355148434638977,0.4624311029911041,-0.09975400567054749,0.2736581861972809,0.4944070875644684,-0.03433361276984215,0.2736172676086426,0.3959715664386749,-0.05950237065553665,0.2589724063873291,0.41020122170448303,-0.07488168776035309,0.25428470969200134,0.453078031539917,-0.08128585666418076,0.234653502702713,0.493741512298584,-0.0375819094479084,0.22891750931739807,0.41002732515335083,-0.0544063076376915,0.22400185465812683,0.4224669337272644,-0.06132151186466217,0.22558820247650146,0.4635342061519623,-0.06243770569562912,0.2008202224969864,0.5077129602432251,-0.044085513800382614,0.19030240178108215,0.43616586923599243,-0.05221172794699669,0.18983320891857147,0.4336506426334381,-0.05059347301721573,0.19583338499069214,0.45994412899017334,-0.04624051973223686,C
0.24353455007076263,0.7243009209632874,3.0632065772806527e-07,0.29136356711387634,0.7087079882621765,-0.03058006428182125,0.3386179804801941,0.680729329586029,-0.04750309884548187,0.36684733629226685,0.6600009202957153,-0.06423092633485794,0.37325814366340637,0.6262465715408325,-0.08044322580099106,0.3262093663215637,0.526569664478302,-0.01240372471511364,0.3347185254096985,0.4507535398006439,-0.03686009347438812,0.3471637964248657,0.4343003034591675,-0.062001608312129974,0.35932159423828125,0.44590693712234497,-0.07644905894994736,0.2937595546245575,0.5150488018989563,-0.010800376534461975,0.29912590980529785,0.42489978671073914,-0.0347757525742054,0.3140716850757599,0.4146037697792053,-0.06389649212360382,0.3299117982387543,0.4382939636707306,-0.08192633092403412,0.260331392288208,0.5174739360809326,-0.013708063401281834,0.26169902086257935,0.4353944957256317,-0.03346944972872734,0.27819526195526123,0.42271408438682556,-0.058139726519584656,0.2962261140346527,0.4458889067173004,-0.07252100110054016,0.22507937252521515,0.5336861610412598,-0.01950012892484665,0.23073351383209229,0.4667345881462097,-0.03405977413058281,0.24600490927696228,0.44109106063842773,-0.04774731770157814,0.26548293232917786,0.4402848184108734,-0.056229788810014725,C
0.23009562492370605,0.7377333641052246,3.5417079402577656e-07,0.29273852705955505,0.7151117324829102,-0.011975196190178394,0.3471485376358032,0.6849911212921143,-0.02734774351119995,0.3897275924682617,0.6740053296089172,-0.04615628719329834,0.4207285940647125,0.653039813041687,-0.06627438962459564,0.3187149465084076,0.5365601181983948,-0.018526308238506317,0.33687281608581543,0.45066890120506287,-0.04889954626560211,0.36787575483322144,0.44826942682266235,-0.07305669784545898,0.39552563428878784,0.4681018590927124,-0.08644603192806244,0.290706604719162,0.5308811068534851,-0.030267303809523582,0.307989239692688,0.42578941583633423,-0.060716789215803146,0.34748169779777527,0.4277419447898865,-0.08447077870368958,0.37893038988113403,0.46006473898887634,-0.09780024737119675,0.26010945439338684,0.5396672487258911,-0.04436050355434418,0.27367448806762695,0.4440435767173767,-0.07036186754703522,0.31187888979911804,0.4457230567932129,-0.08662662655115128,0.3429797887802124,0.4737933278083801,-0.09416328370571136,0.22897464036941528,0.5605723261833191,-0.05990354344248772,0.24389678239822388,0.48275861144065857,-0.08196783810853958,0.2801112234592438,0.46448972821235657,-0.09304053336381912,0.31545448303222656,0.47132614254951477,-0.09808719903230667,C
0.23232732713222504,0.7347240447998047,3.8004029079274915e-07,0.2936709523200989,0.7138423919677734,-0.011014256626367569,0.35082900524139404,0.6857005953788757,-0.026983842253684998,0.39539286494255066,0.6778975129127502,-0.04694804549217224,0.43054839968681335,0.6586776375770569,-0.06835244596004486,0.3248523473739624,0.5406680703163147,-0.016337670385837555,0.3472594618797302,0.45583099126815796,-0.045757047832012177,0.38031935691833496,0.45537981390953064,-0.06972229480743408,0.40919211506843567,0.4750292897224426,-0.08344573527574539,0.30019527673721313,0.5343710780143738,-0.02913103625178337,0.32314935326576233,0.4286138415336609,-0.058819741010665894,0.365828275680542,0.4326235055923462,-0.08367709070444107,0.39741289615631104,0.46590256690979004,-0.0980251282453537,0.2724553346633911,0.5409585237503052,-0.0440828800201416,0.29064252972602844,0.44594454765319824,-0.06858668476343155,0.3326476812362671,0.45034661889076233,-0.08517996966838837,0.36432909965515137,0.48000383377075195,-0.09329170733690262,0.24354425072669983,0.5595964789390564,-0.060506194829940796,0.2594386339187622,0.4816949963569641,-0.08018948137760162,0.29715797305107117,0.4655512571334839,-0.09018818289041519,0.3318992555141449,0.4748687446117401,-0.09491919726133347,C
0.23365700244903564,0.7361671328544617,6.444827249652008e-08,0.28239676356315613,0.7170336842536926,-0.0014449595473706722,0.31056568026542664,0.6940076351165771,-0.010186909697949886,0.3244916796684265,0.6863787174224854,-0.022056424990296364,0.32625454664230347,0.6990031599998474,-0.033424071967601776,0.3071784973144531,0.535650372505188,0.0010604463750496507,0.30315813422203064,0.4607989192008972,-0.007327101659029722,0.2943454384803772,0.46915337443351746,-0.016802407801151276,0.29015466570854187,0.49738046526908875,-0.02203582599759102,0.26892903447151184,0.5204296708106995,-0.004498238209635019,0.2667485475540161,0.4425559937953949,-0.00636544032022357,0.26522335410118103,0.45484626293182373,-0.012329233810305595,0.26657915115356445,0.48679447174072266,-0.017161015421152115,0.23091091215610504,0.5240091681480408,-0.01020374521613121,0.2285546362400055,0.4574301838874817,-0.006734026595950127,0.23380815982818604,0.46869346499443054,-0.006902933120727539,0.23832206428050995,0.4973892867565155,-0.008113364689052105,0.19728073477745056,0.5415913462638855,-0.01647253893315792,0.19640403985977173,0.480487585067749,-0.008609510958194733,0.20448718965053558,0.4824924170970917,0.0001821053447201848,0.21248659491539001,0.5023522973060608,0.006601450499147177,C
0.24135151505470276,0.7326074838638306,4.027873217182787e-07,0.28478917479515076,0.725554347038269,-0.03841400519013405,0.3216455578804016,0.7062228322029114,-0.06453996896743774,0.3454034924507141,0.6907432079315186,-0.08917827904224396,0.35924339294433594,0.6653955578804016,-0.11257661879062653,0.32873934507369995,0.5399124026298523,-0.02672291360795498,0.33286499977111816,0.45839744806289673,-0.05625142157077789,0.3423110842704773,0.43577057123184204,-0.08426488190889359,0.347904771566391,0.45082446932792664,-0.09937090426683426,0.29110825061798096,0.5240660905838013,-0.022424548864364624,0.2936786115169525,0.4310479760169983,-0.05081002041697502,0.30925068259239197,0.418113112449646,-0.08012640476226807,0.31967639923095703,0.4503127634525299,-0.09672228991985321,0.2541486322879791,0.5257956981658936,-0.0227371733635664,0.25445184111595154,0.44222894310951233,-0.04347273334860802,0.2712526321411133,0.43114691972732544,-0.06551133096218109,0.2845131456851959,0.45935767889022827,-0.07720781117677689,0.2185283601284027,0.542220950126648,-0.026499686762690544,0.2215697467327118,0.4728289544582367,-0.04082345962524414,0.2370215505361557,0.44983813166618347,-0.05223037302494049,0.2540757656097412,0.45344796776771545,-0.0580269955098629,C





0.2481783628463745,0.7444315552711487,2.835890029473376e-07,0.30762267112731934,0.6882926225662231,-0.01767869107425213,0.35122352838516235,0.6070969700813293,-0.029922114685177803,0.3504657745361328,0.5457389950752258,-0.045055508613586426,0.31142887473106384,0.5366239547729492,-0.06130053102970123,0.2993932366371155,0.4908596873283386,-0.015258689410984516,0.3172706365585327,0.38238608837127686,-0.03958899900317192,0.3296321928501129,0.31641995906829834,-0.056662049144506454,0.33772069215774536,0.2594980001449585,-0.06915487349033356,0.2567685842514038,0.49953603744506836,-0.024577805772423744,0.2542050778865814,0.4089893102645874,-0.06788931041955948,0.28161829710006714,0.45698079466819763,-0.08585675805807114,0.3000246584415436,0.5128490924835205,-0.088182233273983,0.2183842957019806,0.5263347625732422,-0.03560645133256912,0.212287038564682,0.4543520212173462,-0.07424912601709366,0.2504936456680298,0.49567243456840515,-0.07657685875892639,0.27690553665161133,0.5435326099395752,-0.06790046393871307,0.18311621248722076,0.5681972503662109,-0.04834544286131859,0.18662208318710327,0.516307532787323,-0.07330885529518127,0.22058528661727905,0.5319457650184631,-0.07304070889949799,0.24787595868110657,0.5582143664360046,-0.06677563488483429,D
0.2486700713634491,0.7529133558273315,3.0095424108367297e-07,0.30742356181144714,0.6931613087654114,-0.024703439325094223,0.35281914472579956,0.6168621778488159,-0.04108041152358055,0.35769012570381165,0.5489481091499329,-0.05941018462181091,0.31823933124542236,0.5388892889022827,-0.07829383760690689,0.30013322830200195,0.4949508607387543,-0.020737089216709137,0.3190770745277405,0.386241614818573,-0.04832487553358078,0.33042722940444946,0.3219543993473053,-0.06828359514474869,0.3374030590057373,0.263171911239624,-0.08296345919370651,0.2574675977230072,0.503171980381012,-0.028717294335365295,0.2586471140384674,0.4109867513179779,-0.07703746110200882,0.28601670265197754,0.45907244086265564,-0.09868550300598145,0.30444541573524475,0.514184832572937,-0.10284287482500076,0.21859607100486755,0.5293552875518799,-0.039052996784448624,0.2137572467327118,0.4593716263771057,-0.08146347105503082,0.25296688079833984,0.5001689195632935,-0.0866142064332962,0.28190672397613525,0.5482667684555054,-0.07915308326482773,0.18243573606014252,0.5701560974121094,-0.05191759765148163,0.1874925196170807,0.5208901166915894,-0.07921429723501205,0.2210008203983307,0.534099280834198,-0.08148565888404846,0.24918311834335327,0.5583307147026062,-0.0768386572599411,D
0.2563014626502991,0.7814873456954956,3.3823224043771916e-07,0.3183716833591461,0.7261500358581543,-0.029376156628131866,0.3612949252128601,0.6507823467254639,-0.05070575699210167,0.3613157868385315,0.5926723480224609,-0.07373637706041336,0.324145644903183,0.5664936900138855,-0.09753882884979248,0.31987982988357544,0.4985654354095459,-0.03303276747465134,0.3469056785106659,0.3730911612510681,-0.06652956455945969,0.36411023139953613,0.2976776957511902,-0.09122282266616821,0.3753873109817505,0.23135188221931458,-0.1091017946600914,0.2683112621307373,0.5114463567733765,-0.04225197434425354,0.2682361900806427,0.4039425849914551,-0.0969027504324913,0.2906237840652466,0.4622800350189209,-0.12218265980482101,0.30649393796920776,0.5245451331138611,-0.12833872437477112,0.2223324477672577,0.5433555245399475,-0.05373793840408325,0.21543094515800476,0.4581366777420044,-0.10284256935119629,0.252269983291626,0.5125258564949036,-0.10791731625795364,0.27887746691703796,0.569665253162384,-0.09949100017547607,0.1816602647304535,0.5916600823402405,-0.06774783134460449,0.18533748388290405,0.5321770310401917,-0.10084028542041779,0.21906694769859314,0.5598009824752808,-0.1011967733502388,0.24602366983890533,0.5949592590332031,-0.09400761872529984,D
0.2654913067817688,0.7826632857322693,3.4123397085750184e-07,0.32578545808792114,0.7278352379798889,-0.0267660953104496,0.3676261901855469,0.6506606936454773,-0.046243973076343536,0.36792314052581787,0.5894338488578796,-0.06704578548669815,0.3289908766746521,0.5695863962173462,-0.08868259936571121,0.3306500017642975,0.5141111612319946,-0.030685914680361748,0.3675014078617096,0.40792691707611084,-0.06356467306613922,0.3888469338417053,0.34324032068252563,-0.086563840508461,0.40412434935569763,0.2858084738254547,-0.10293429344892502,0.27949047088623047,0.5204713940620422,-0.04027131199836731,0.27264443039894104,0.4085473418235779,-0.09258705377578735,0.2972882390022278,0.4680647850036621,-0.1143602579832077,0.31718263030052185,0.5330580472946167,-0.11765812337398529,0.23350556194782257,0.5495091676712036,-0.05204000324010849,0.22293837368488312,0.4661361277103424,-0.10047011077404022,0.26212966442108154,0.5198389291763306,-0.10393626987934113,0.28993916511535645,0.5761874318122864,-0.09377868473529816,0.1938837617635727,0.597460150718689,-0.06589648872613907,0.19414284825325012,0.5388742685317993,-0.09925241768360138,0.2296152114868164,0.5633730292320251,-0.09938821941614151,0.25783759355545044,0.5972498059272766,-0.09173008054494858,D
0.267980694770813,0.7751546502113342,2.802769358822843e-07,0.33010250329971313,0.7242205142974854,-0.02679571695625782,0.37265148758888245,0.6481775045394897,-0.04556829854846001,0.37474143505096436,0.591051459312439,-0.06618968397378922,0.3382536470890045,0.5734886527061462,-0.08755984157323837,0.33283260464668274,0.5006237030029297,-0.026107680052518845,0.3614101707935333,0.3872753977775574,-0.05585280433297157,0.3779016435146332,0.3211904466152191,-0.07759788632392883,0.38875019550323486,0.26194947957992554,-0.09394614398479462,0.28279149532318115,0.5105287432670593,-0.035854168236255646,0.2777959108352661,0.40370607376098633,-0.0872223749756813,0.29831570386886597,0.46438443660736084,-0.11077424883842468,0.3135310411453247,0.5251814723014832,-0.11581028997898102,0.23774883151054382,0.5409812927246094,-0.04781747981905937,0.23010626435279846,0.46063703298568726,-0.09705235809087753,0.2673761248588562,0.5195333957672119,-0.10277997702360153,0.29309725761413574,0.5748188495635986,-0.09419063478708267,0.1995479315519333,0.5884396433830261,-0.061724111437797546,0.20429828763008118,0.533324658870697,-0.09611203521490097,0.23820221424102783,0.5665929913520813,-0.09699138253927231,0.2637544572353363,0.6032634973526001,-0.08989392220973969,D
0.2618660628795624,0.790052592754364,3.2529419513593893e-07,0.3237229585647583,0.7375324964523315,-0.02517845667898655,0.3617470860481262,0.6550296545028687,-0.04261365160346031,0.3656333088874817,0.5886165499687195,-0.06179722025990486,0.32506415247917175,0.5656587481498718,-0.08194234222173691,0.3263607919216156,0.5193259716033936,-0.03211710602045059,0.3681313991546631,0.4040065407752991,-0.06558214873075485,0.3920035660266876,0.33524805307388306,-0.0883479192852974,0.40866169333457947,0.27554383873939514,-0.10478274524211884,0.27570781111717224,0.526138424873352,-0.04278065636754036,0.26304781436920166,0.40162909030914307,-0.09708810597658157,0.2834605276584625,0.46386802196502686,-0.1184653788805008,0.3013150990009308,0.5308852195739746,-0.12115073949098587,0.22966423630714417,0.5567856431007385,-0.05530807748436928,0.21499040722846985,0.46082645654678345,-0.10833495855331421,0.2526680827140808,0.5232935547828674,-0.1112692728638649,0.2796573042869568,0.5845822095870972,-0.0994970053434372,0.19184622168540955,0.60625159740448,-0.06954192370176315,0.19402867555618286,0.5472683906555176,-0.10891588777303696,0.22972078621387482,0.5805761218070984,-0.11051617562770844,0.2565310597419739,0.6199018955230713,-0.1027246043086052,D
0.26566386222839355,0.8007471561431885,2.7237845756644674e-07,0.3288123309612274,0.7460649013519287,-0.027442798018455505,0.36777767539024353,0.6649214029312134,-0.04650316759943962,0.362495481967926,0.6077905297279358,-0.06738702952861786,0.3224969506263733,0.5876884460449219,-0.08874861150979996,0.32485175132751465,0.5192624926567078,-0.031352896243333817,0.3477656841278076,0.3945868909358978,-0.06244445592164993,0.35864245891571045,0.32030099630355835,-0.08409669250249863,0.3636223077774048,0.25529906153678894,-0.10073195397853851,0.27256184816360474,0.5316429734230042,-0.041396744549274445,0.26183655858039856,0.41582226753234863,-0.0939943790435791,0.2817264199256897,0.47739821672439575,-0.11710293591022491,0.2977495491504669,0.5400807857513428,-0.12207163125276566,0.22720392048358917,0.5654153823852539,-0.0534030944108963,0.21353472769260406,0.47489237785339355,-0.10347789525985718,0.2502157986164093,0.5351325869560242,-0.10818113386631012,0.27766379714012146,0.5927828550338745,-0.09934177994728088,0.1915264129638672,0.6171819567680359,-0.06752749532461166,0.19593921303749084,0.5671482086181641,-0.10354872792959213,0.231474369764328,0.5973021388053894,-0.10604821890592575,0.2599736750125885,0.6313126087188721,-0.10031905025243759,D
0.27960821986198425,0.7692002654075623,3.251105624713091e-07,0.3386269211769104,0.7268264293670654,-0.022947637364268303,0.382615864276886,0.6720330715179443,-0.041501451283693314,0.39338257908821106,0.6257980465888977,-0.06237416714429855,0.37817221879959106,0.5985440015792847,-0.08316416293382645,0.36637231707572937,0.5379448533058167,-0.02352500706911087,0.3998663127422333,0.4329543113708496,-0.0518023744225502,0.4222060739994049,0.37299925088882446,-0.07332361489534378,0.4380897283554077,0.3195304870605469,-0.08896098285913467,0.3239056169986725,0.5366271138191223,-0.03237687796354294,0.3448481261730194,0.44308173656463623,-0.07847737520933151,0.361031711101532,0.49318328499794006,-0.10067838430404663,0.3662489354610443,0.547347903251648,-0.10682404041290283,0.28150805830955505,0.550491213798523,-0.04345085844397545,0.2923983335494995,0.46709874272346497,-0.08290421217679977,0.31751471757888794,0.5149713158607483,-0.08794791996479034,0.33160144090652466,0.5683948993682861,-0.08236252516508102,0.23958523571491241,0.5805535316467285,-0.05691510811448097,0.25573277473449707,0.5326886773109436,-0.08410947024822235,0.28564032912254333,0.5538685321807861,-0.0869310200214386,0.30820953845977783,0.5834817886352539,-0.08334004133939743,D
0.31883594393730164,0.8047647476196289,1.663678261820678e-07,0.3692558705806732,0.76087486743927,-0.02154352329671383,0.4095311760902405,0.7034666538238525,-0.04050564020872116,0.4281281530857086,0.659520149230957,-0.06208977475762367,0.4085243344306946,0.6370885968208313,-0.08390405029058456,0.36310476064682007,0.570010781288147,-0.028084246441721916,0.359811007976532,0.459756076335907,-0.0551786832511425,0.3578678369522095,0.39754512906074524,-0.07314377278089523,0.35174351930618286,0.342093825340271,-0.08611863851547241,0.3283005654811859,0.5837802886962891,-0.03674861416220665,0.3370593786239624,0.5108487606048584,-0.08158625662326813,0.37014633417129517,0.5670561194419861,-0.09826576709747314,0.3875254690647125,0.6187102198600769,-0.10111729800701141,0.2950088083744049,0.6115506887435913,-0.04726915806531906,0.3012411296367645,0.548137903213501,-0.08659198135137558,0.34052982926368713,0.600023090839386,-0.08569229394197464,0.3629539906978607,0.6483904719352722,-0.07614085078239441,0.2628726363182068,0.6511518359184265,-0.05994642153382301,0.274260014295578,0.605053722858429,-0.08570045977830887,0.3090127110481262,0.6307980418205261,-0.08323249965906143,0.33248940110206604,0.6619638800621033,-0.07583998143672943,D
0.311632364988327,0.7810201644897461,2.2585906833683111e-07,0.3668733835220337,0.73779296875,-0.019125955179333687,0.40835678577423096,0.6772013902664185,-0.03485476225614548,0.4215303957462311,0.6234285831451416,-0.05348063260316849,0.392142653465271,0.6031396389007568,-0.07300084829330444,0.3747936487197876,0.5502543449401855,-0.02165072038769722,0.39997467398643494,0.44976741075515747,-0.04768488183617592,0.41730430722236633,0.39208683371543884,-0.06601258367300034,0.4283377230167389,0.3397637605667114,-0.07941453903913498,0.3351159393787384,0.5568829774856567,-0.03157941251993179,0.34226784110069275,0.4770457148551941,-0.07643789052963257,0.36587318778038025,0.531568169593811,-0.09501569718122482,0.3786483108997345,0.585227370262146,-0.09848159551620483,0.29791635274887085,0.5804101824760437,-0.04324095696210861,0.29882094264030457,0.514246940612793,-0.08315843343734741,0.3336475193500519,0.5639669895172119,-0.08577865362167358,0.3560122847557068,0.6137415766716003,-0.07779770344495773,0.26328372955322266,0.6176682114601135,-0.05676053464412689,0.2707537114620209,0.5697129964828491,-0.08316227048635483,0.3018575608730316,0.5936732888221741,-0.08328240364789963,0.32518795132637024,0.6251643300056458,-0.07747272402048111,D
0.3138720989227295,0.7865366339683533,1.918033092351834e-07,0.3692370653152466,0.7432337403297424,-0.019178856164216995,0.4111342430114746,0.6823384761810303,-0.035260602831840515,0.42224863171577454,0.6281929612159729,-0.05430398881435394,0.3915860056877136,0.6080764532089233,-0.07404069602489471,0.3756789267063141,0.5533838868141174,-0.021871298551559448,0.39410749077796936,0.4483066201210022,-0.047694288194179535,0.40773195028305054,0.38863030076026917,-0.06566931307315826,0.41628724336624146,0.3355361223220825,-0.07881209254264832,0.3361305296421051,0.5619942545890808,-0.03144215792417526,0.3431481420993805,0.4853275418281555,-0.07603185623884201,0.36757808923721313,0.5409714579582214,-0.09366734325885773,0.3805943727493286,0.5951787829399109,-0.09670154750347137,0.29910627007484436,0.5862171649932861,-0.04277642071247101,0.3021095395088196,0.5214763283729553,-0.0818936750292778,0.3367089033126831,0.5731562376022339,-0.08273117989301682,0.3581543564796448,0.6236668229103088,-0.07393401116132736,0.2644512355327606,0.6235506534576416,-0.056069694459438324,0.2732977569103241,0.5767177939414978,-0.08144356310367584,0.30487021803855896,0.601870596408844,-0.08016294240951538,0.3279179334640503,0.6331932544708252,-0.07357136905193329,D
0.3104415833950043,0.7839593291282654,1.7629785986628121e-07,0.36488887667655945,0.7400725483894348,-0.019050393253564835,0.4070341885089874,0.6788398623466492,-0.035020481795072556,0.41775310039520264,0.6257644891738892,-0.05391000211238861,0.386531800031662,0.6085768342018127,-0.0734114721417427,0.3660888373851776,0.5482597947120667,-0.02118159644305706,0.3759738802909851,0.44140440225601196,-0.04614369571208954,0.38335922360420227,0.3797358274459839,-0.0637739971280098,0.38652050495147705,0.32557886838912964,-0.07692300528287888,0.32785066962242126,0.5591961741447449,-0.030576001852750778,0.33335545659065247,0.4829096794128418,-0.07364178448915482,0.3600154221057892,0.5357776284217834,-0.0910809263586998,0.3744010031223297,0.5883437395095825,-0.09455201774835587,0.2921084463596344,0.5852922201156616,-0.04168830066919327,0.2949540317058563,0.519844651222229,-0.07988737523555756,0.330486923456192,0.5698925852775574,-0.08073515444993973,0.35229232907295227,0.618873119354248,-0.07239390909671783,0.2582126557826996,0.6238534450531006,-0.05471612140536308,0.2666754126548767,0.5770097970962524,-0.07979481667280197,0.2987290024757385,0.602715790271759,-0.07832518219947815,0.3220262825489044,0.6337772607803345,-0.07176437973976135,D
0.3113050162792206,0.7862957715988159,1.7831482068686455e-07,0.3652266263961792,0.7405208349227905,-0.018816085532307625,0.40693381428718567,0.6782314777374268,-0.0346713550388813,0.41939157247543335,0.6245044469833374,-0.053443510085344315,0.3900270462036133,0.6075236201286316,-0.07285036891698837,0.36753880977630615,0.5496748685836792,-0.021012013778090477,0.37687256932258606,0.4433874189853668,-0.04581926763057709,0.3848123848438263,0.38252997398376465,-0.06325966119766235,0.3883971869945526,0.3290191888809204,-0.07618272304534912,0.3294562101364136,0.5602558255195618,-0.03047068603336811,0.33506232500076294,0.4837571680545807,-0.0736953541636467,0.3620246946811676,0.5369462370872498,-0.09091948717832565,0.3760676980018616,0.5896629691123962,-0.09405649453401566,0.29376792907714844,0.5863633751869202,-0.041671477258205414,0.29708731174468994,0.5212491750717163,-0.08005421608686447,0.3331793248653412,0.5707951188087463,-0.0809968113899231,0.355086088180542,0.6199698448181152,-0.0725121945142746,0.2593839466571808,0.6249749660491943,-0.05477967858314514,0.26849016547203064,0.5783212184906006,-0.07990722358226776,0.3003063201904297,0.6021029949188232,-0.07881706207990646,0.3229437470436096,0.6314588189125061,-0.07253289222717285,D
0.3087182939052582,0.7876664996147156,2.29019065045577e-07,0.3666098713874817,0.7410687208175659,-0.019800396636128426,0.41028857231140137,0.6775471568107605,-0.03470631316304207,0.42012810707092285,0.6189287304878235,-0.05219455808401108,0.3886032998561859,0.6007946729660034,-0.07043131440877914,0.377524733543396,0.5592044591903687,-0.01927403174340725,0.4083411693572998,0.46507686376571655,-0.04548610746860504,0.427715003490448,0.4107622504234314,-0.06431873142719269,0.4412856101989746,0.35997194051742554,-0.07825779169797897,0.33629655838012695,0.5631647109985352,-0.028926050290465355,0.3422873616218567,0.477948933839798,-0.07455447316169739,0.3630755543708801,0.5324786901473999,-0.09389815479516983,0.3749348819255829,0.5875635147094727,-0.09738527983427048,0.2977396249771118,0.5842263102531433,-0.040555547922849655,0.2985014319419861,0.5163589119911194,-0.082406185567379,0.3326558768749237,0.5672901272773743,-0.08621376007795334,0.35492849349975586,0.6179299354553223,-0.0782088115811348,0.2617737650871277,0.619816780090332,-0.05395559221506119,0.2708967626094818,0.5742583870887756,-0.08188152313232422,0.30178236961364746,0.5997363924980164,-0.08296021074056625,0.3248157799243927,0.6318175196647644,-0.07753392308950424,D
0.3087000846862793,0.7846102714538574,2.1352440171540366e-07,0.363627165555954,0.7399365901947021,-0.018954021856188774,0.40543243288993835,0.6745345592498779,-0.03327297419309616,0.4152279794216156,0.6176283359527588,-0.05025767162442207,0.38330936431884766,0.6001904010772705,-0.06807074695825577,0.3685015141963959,0.5513563752174377,-0.020245900377631187,0.3904048204421997,0.45034855604171753,-0.04516664147377014,0.4041004478931427,0.39107024669647217,-0.06258557736873627,0.41214603185653687,0.33833473920822144,-0.07549082487821579,0.328864187002182,0.559406042098999,-0.02984747663140297,0.33327847719192505,0.47890955209732056,-0.07428459078073502,0.3584004342556,0.5311554670333862,-0.09297067672014236,0.37309756875038147,0.585023820400238,-0.09636612981557846,0.2920132577419281,0.5841056108474731,-0.04109412059187889,0.2911863625049591,0.5196213126182556,-0.08112930506467819,0.32736077904701233,0.5676592588424683,-0.08447493612766266,0.35107430815696716,0.616733729839325,-0.07681066542863846,0.2575896084308624,0.6218198537826538,-0.0540996752679348,0.2639400362968445,0.574424147605896,-0.080544114112854,0.2953764498233795,0.5975283980369568,-0.08104116469621658,0.31931063532829285,0.6283217668533325,-0.07551191002130508,D
0.3057362735271454,0.7835192084312439,1.6168910121905355e-07,0.36026737093925476,0.7387440800666809,-0.01752633787691593,0.40097272396087646,0.6731788516044617,-0.031739600002765656,0.41101035475730896,0.6173104047775269,-0.048816487193107605,0.378374308347702,0.6035865545272827,-0.06675096601247787,0.36020326614379883,0.5463943481445312,-0.02058727853000164,0.37195801734924316,0.44190430641174316,-0.044569231569767,0.38018354773521423,0.38101744651794434,-0.061574436724185944,0.38356438279151917,0.3278854191303253,-0.07443729788064957,0.321621835231781,0.5579097270965576,-0.030414016917347908,0.3254414498806,0.48153620958328247,-0.07249066233634949,0.3521070182323456,0.5343153476715088,-0.08950033783912659,0.36664465069770813,0.5867232084274292,-0.0927673727273941,0.2859569787979126,0.5851911306381226,-0.041645023971796036,0.2857794761657715,0.5216306447982788,-0.07920491695404053,0.3215025067329407,0.5705171823501587,-0.08024661988019943,0.343666672706604,0.6186118125915527,-0.07210631668567657,0.25248825550079346,0.6247265934944153,-0.05460986867547035,0.25882962346076965,0.5775173306465149,-0.0792793557047844,0.2905287742614746,0.6012335419654846,-0.07794591784477234,0.31379497051239014,0.6309342980384827,-0.07166324555873871,D
0.2836242616176605,0.7607912421226501,1.4586373708880274e-07,0.33560964465141296,0.7126712799072266,-0.016720209270715714,0.369259238243103,0.6423969268798828,-0.02985602617263794,0.3766748011112213,0.5880388617515564,-0.046012118458747864,0.34269627928733826,0.5733235478401184,-0.06310068070888519,0.32314059138298035,0.5206711292266846,-0.018460046499967575,0.32915711402893066,0.4182092547416687,-0.04247157275676727,0.3338867723941803,0.3562559485435486,-0.05946280434727669,0.33487626910209656,0.301855206489563,-0.07207904756069183,0.28481951355934143,0.5343007445335388,-0.027957594022154808,0.2825529873371124,0.4589279890060425,-0.07020986080169678,0.3107372522354126,0.509513258934021,-0.0875437781214714,0.32954248785972595,0.561207115650177,-0.0904998704791069,0.25022733211517334,0.5638701915740967,-0.038877036422491074,0.24472370743751526,0.5024149417877197,-0.07587777078151703,0.2818017303943634,0.5469884276390076,-0.07700204849243164,0.30773401260375977,0.5920581817626953,-0.06873659789562225,0.219618558883667,0.605972945690155,-0.05147717893123627,0.22065454721450806,0.5602949857711792,-0.07540402561426163,0.2533973753452301,0.5810750722885132,-0.0740225613117218,0.2800682485103607,0.608506441116333,-0.06752751767635345,D
0.28761428594589233,0.7741813063621521,1.5423321997332096e-07,0.34061866998672485,0.7242760062217712,-0.018393896520137787,0.37718766927719116,0.6526116132736206,-0.03142911195755005,0.3821697235107422,0.5948224067687988,-0.04720819741487503,0.34775760769844055,0.5870040655136108,-0.06379895657300949,0.33203816413879395,0.5325021743774414,-0.01782321184873581,0.33747848868370056,0.4294418692588806,-0.04133136197924614,0.34147393703460693,0.3677997291088104,-0.05832689628005028,0.3424496650695801,0.3135658800601959,-0.0711737647652626,0.2930716276168823,0.5456116795539856,-0.02661099098622799,0.28984683752059937,0.46922045946121216,-0.06919743120670319,0.3171297609806061,0.5189468264579773,-0.08714745938777924,0.3357110023498535,0.571102499961853,-0.09039939194917679,0.2577160596847534,0.5736891031265259,-0.03700093924999237,0.2517436742782593,0.5119225382804871,-0.07499780505895615,0.2887965440750122,0.5581872463226318,-0.07720552384853363,0.3152400851249695,0.6062114834785461,-0.0692354291677475,0.22526401281356812,0.613987386226654,-0.0492413230240345,0.2276819348335266,0.5686129927635193,-0.07380812615156174,0.2595033645629883,0.5901574492454529,-0.07328648865222931,0.2851940989494324,0.6184728145599365,-0.06736873090267181,D
0.28752169013023376,0.7747880816459656,1.9530885708718415e-07,0.3424404263496399,0.724534809589386,-0.01745196059346199,0.3790554404258728,0.655913770198822,-0.03081139363348484,0.3861616849899292,0.6014993786811829,-0.04718437045812607,0.3530750274658203,0.5917965769767761,-0.064537912607193,0.3389665484428406,0.5389848351478577,-0.019540559500455856,0.3591856360435486,0.4379257261753082,-0.045686621218919754,0.3724353015422821,0.3786895275115967,-0.06421500444412231,0.38068127632141113,0.3248277008533478,-0.07791920751333237,0.29754334688186646,0.5499954223632812,-0.029712889343500137,0.2957020103931427,0.46953919529914856,-0.07540418952703476,0.3195106089115143,0.5231283903121948,-0.09416242688894272,0.33650365471839905,0.5769699215888977,-0.09735181927680969,0.2597465515136719,0.5768098831176758,-0.04154052957892418,0.25447559356689453,0.513370931148529,-0.08270777016878128,0.2911955416202545,0.5620096325874329,-0.0855696052312851,0.3181599974632263,0.6101696491241455,-0.07717660814523697,0.22654178738594055,0.6169658303260803,-0.05498555675148964,0.2301238775253296,0.5726744532585144,-0.08181757479906082,0.26205965876579285,0.5957086086273193,-0.08207378536462784,0.28858280181884766,0.6241075992584229,-0.07626554369926453,D
0.25726836919784546,0.6879106760025024,-8.719479183127987e-08,0.20440147817134857,0.6172584295272827,-0.01892436295747757,0.1883164346218109,0.5162632465362549,-0.030240897089242935,0.23060119152069092,0.47419509291648865,-0.044733867049217224,0.2837142050266266,0.5083796977996826,-0.05685258284211159,0.26238512992858887,0.4369240701198578,0.006455671042203903,0.27912792563438416,0.3529685437679291,-0.024438323453068733,0.2651611268520355,0.3344835638999939,-0.05228842794895172,0.24866586923599243,0.3623315393924713,-0.06675617396831512,0.29626137018203735,0.4456401467323303,0.001554162590764463,0.31954312324523926,0.35240790247917175,-0.028543870896100998,0.301360547542572,0.3322935700416565,-0.05071667954325676,0.27867013216018677,0.36726680397987366,-0.05884738638997078,0.32336318492889404,0.4667254090309143,-0.009780957363545895,0.3466460704803467,0.3829803466796875,-0.02920548804104328,0.328141450881958,0.3544914424419403,-0.04436483606696129,0.3050306439399719,0.3747280240058899,-0.04920648783445358,0.34894031286239624,0.5006539821624756,-0.024750852957367897,0.36758744716644287,0.43442779779434204,-0.037121329456567764,0.35660767555236816,0.3957582712173462,-0.04749450087547302,0.33826979994773865,0.3890880346298218,-0.05184875428676605,E
0.38994041085243225,0.7405900955200195,-7.013780134457193e-08,0.3344624936580658,0.7075830698013306,-0.031912703067064285,0.29447826743125916,0.6423609852790833,-0.058242298662662506,0.31012558937072754,0.5935262441635132,-0.08556802570819855,0.3600081503391266,0.5720584988594055,-0.11040335893630981,0.3423289656639099,0.4843316674232483,-0.025435345247387886,0.349660724401474,0.3765171468257904,-0.06840020418167114,0.33993154764175415,0.36584749817848206,-0.10528897494077682,0.3294341266155243,0.40386876463890076,-0.12492398172616959,0.3814404308795929,0.4885084331035614,-0.02989037148654461,0.39394691586494446,0.36492276191711426,-0.07068093866109848,0.3787294328212738,0.36664941906929016,-0.10304632782936096,0.364299476146698,0.4182163178920746,-0.11869362741708755,0.4171505868434906,0.5071532726287842,-0.03997378796339035,0.43531569838523865,0.4015156924724579,-0.0675526112318039,0.41734573245048523,0.39715811610221863,-0.09056983143091202,0.40023863315582275,0.44056183099746704,-0.10148954391479492,0.45295238494873047,0.5413655638694763,-0.053760331124067307,0.46354472637176514,0.4624290466308594,-0.07025982439517975,0.4475817084312439,0.44048160314559937,-0.08276543766260147,0.4276037812232971,0.45306313037872314,-0.0893811509013176,E
0.39499473571777344,0.7307472229003906,-9.142507195747385e-08,0.3402774930000305,0.6982735991477966,-0.030632097274065018,0.3007412254810333,0.629953920841217,-0.0553407296538353,0.31657060980796814,0.5776709914207458,-0.08148704469203949,0.36959534883499146,0.5602924823760986,-0.10521751642227173,0.3477292060852051,0.47582754492759705,-0.021639525890350342,0.3545379340648651,0.3699229061603546,-0.06300467252731323,0.345137357711792,0.35947635769844055,-0.0989956185221672,0.3369843661785126,0.39737316966056824,-0.11861370503902435,0.38664186000823975,0.47894036769866943,-0.026299582794308662,0.3981228172779083,0.35656675696372986,-0.06655056029558182,0.38416439294815063,0.361040860414505,-0.09910864382982254,0.37199345231056213,0.41215187311172485,-0.11500412970781326,0.42188093066215515,0.49638208746910095,-0.036428146064281464,0.4387291371822357,0.39100348949432373,-0.06316089630126953,0.4213103652000427,0.3902081251144409,-0.08574794232845306,0.4055325388908386,0.43474310636520386,-0.0965372696518898,0.4575679302215576,0.5299760103225708,-0.050273749977350235,0.46827882528305054,0.45252835750579834,-0.06533974409103394,0.4525730013847351,0.432247132062912,-0.07752680778503418,0.43359047174453735,0.44522708654403687,-0.08439838886260986,E
0.2489856779575348,0.5976834297180176,1.0194695221343864e-07,0.3322254717350006,0.613012969493866,-0.017218679189682007,0.4085378050804138,0.5507949590682983,-0.033519066870212555,0.4558519124984741,0.5080956220626831,-0.05350380390882492,0.4214444160461426,0.503178596496582,-0.07354690134525299,0.3990465998649597,0.37276768684387207,-0.03978251293301582,0.4198063015937805,0.23094460368156433,-0.0783398300409317,0.4553542733192444,0.2701627016067505,-0.10536861419677734,0.45904070138931274,0.333449125289917,-0.11914987117052078,0.35638484358787537,0.361819863319397,-0.05305071547627449,0.37893399596214294,0.20020867884159088,-0.08921634405851364,0.4189213514328003,0.2601589858531952,-0.10724807530641556,0.42000237107276917,0.3289005160331726,-0.11573415994644165,0.30848005414009094,0.36503246426582336,-0.06874193251132965,0.32833132147789,0.2154816836118698,-0.09867598116397858,0.3697892427444458,0.2733204662799835,-0.10571926087141037,0.37337422370910645,0.34178826212882996,-0.10647301375865936,0.25687292218208313,0.3781861662864685,-0.08678119629621506,0.28699803352355957,0.27567657828330994,-0.11452364176511765,0.32425862550735474,0.3061000108718872,-0.12241141498088837,0.3342757523059845,0.3565056622028351,-0.12528091669082642,E
0.2432040572166443,0.6048232913017273,-8.269937978866437e-08,0.32631635665893555,0.6297715306282043,-0.025386514142155647,0.4036372900009155,0.5730525255203247,-0.04199981316924095,0.44884735345840454,0.5211453437805176,-0.06200624629855156,0.4177263677120209,0.5083078742027283,-0.08111387491226196,0.39779147505760193,0.37960126996040344,-0.029664259403944016,0.42906898260116577,0.24577052891254425,-0.06902895122766495,0.44941455125808716,0.29138895869255066,-0.09856943786144257,0.4408946931362152,0.35490354895591736,-0.11276046931743622,0.3530282974243164,0.36159011721611023,-0.03704186901450157,0.38686418533325195,0.2143467664718628,-0.07332336157560349,0.40309131145477295,0.28413835167884827,-0.09387622028589249,0.39114055037498474,0.3549429476261139,-0.10187400877475739,0.30487436056137085,0.357141375541687,-0.04849139600992203,0.33178701996803284,0.218110129237175,-0.07460355013608932,0.35364362597465515,0.27637118101119995,-0.08185140788555145,0.34624579548835754,0.3463688790798187,-0.08170481026172638,0.2523067593574524,0.3612431287765503,-0.06348161399364471,0.2774195671081543,0.25998038053512573,-0.08187303692102432,0.30314892530441284,0.28645002841949463,-0.08616948872804642,0.30774539709091187,0.33667850494384766,-0.08665507286787033,E
0.1434604525566101,0.5444647669792175,-1.0057453181389064e-07,0.22596612572669983,0.5714558362960815,-0.02515142597258091,0.3172566890716553,0.5564122200012207,-0.05157263204455376,0.3733988106250763,0.567004382610321,-0.08248548209667206,0.33968132734298706,0.5728343725204468,-0.11172217130661011,0.33170366287231445,0.3460789918899536,-0.04062953591346741,0.3793732225894928,0.24746017158031464,-0.0936913713812828,0.38388484716415405,0.3339720368385315,-0.12705715000629425,0.3684302568435669,0.39888685941696167,-0.1422310769557953,0.2789508104324341,0.3272954225540161,-0.054272282868623734,0.3240472078323364,0.22791697084903717,-0.10709674656391144,0.33066725730895996,0.3442983627319336,-0.12864282727241516,0.31658801436424255,0.4133433997631073,-0.13520333170890808,0.22218364477157593,0.32312148809432983,-0.07237649708986282,0.25870752334594727,0.2272828221321106,-0.11673455685377121,0.27641838788986206,0.3375855088233948,-0.11920509487390518,0.27063554525375366,0.40888386964797974,-0.11169097572565079,0.16358821094036102,0.33633163571357727,-0.09304920583963394,0.19609129428863525,0.2698797285556793,-0.12015102058649063,0.2208137959241867,0.34283027052879333,-0.11731349676847458,0.22622589766979218,0.4020806550979614,-0.11033589392900467,E
0.3257906138896942,0.905450165271759,6.15839553574915e-07,0.42191559076309204,0.8698090314865112,-0.0239506047219038,0.5017040967941284,0.7827757596969604,-0.05074905976653099,0.5547221302986145,0.7183889746665955,-0.08397006243467331,0.5129285454750061,0.6807118654251099,-0.11967390775680542,0.43562233448028564,0.5510334968566895,-0.02752591483294964,0.4476448595523834,0.4016508460044861,-0.07426691055297852,0.5015023350715637,0.38313594460487366,-0.11570289731025696,0.5483762621879578,0.4175707697868347,-0.13954930007457733,0.38890722393989563,0.5491172671318054,-0.04567303508520126,0.3994382917881012,0.36746644973754883,-0.08876653015613556,0.4651038944721222,0.3532246947288513,-0.13006995618343353,0.5168148875236511,0.402293860912323,-0.15548470616340637,0.34244394302368164,0.5694312453269958,-0.06776348501443863,0.34850001335144043,0.40058204531669617,-0.1034686341881752,0.4152335822582245,0.3844391703605652,-0.1350339949131012,0.46729549765586853,0.43267136812210083,-0.1529691368341446,0.2967492938041687,0.6130608916282654,-0.09300951659679413,0.3133649230003357,0.4803768992424011,-0.12491682171821594,0.36818549036979675,0.4361891746520996,-0.1481882780790329,0.42069992423057556,0.44663119316101074,-0.16239650547504425,E
0.30434489250183105,0.9045628905296326,1.7126455986726796e-07,0.36950063705444336,0.8722139596939087,-0.052232272922992706,0.40827205777168274,0.7830063104629517,-0.08592904359102249,0.341520220041275,0.7072374820709229,-0.11978238075971603,0.271749347448349,0.6603562235832214,-0.15273518860340118,0.46237993240356445,0.6101601719856262,-0.03755953907966614,0.49587392807006836,0.4687749147415161,-0.09211554378271103,0.5147874355316162,0.46709659695625305,-0.1434679478406906,0.5099001526832581,0.5298759937286377,-0.1719256192445755,0.40220746397972107,0.5807321071624756,-0.04016088321805,0.4359666109085083,0.4200047254562378,-0.09537172317504883,0.45147544145584106,0.44443100690841675,-0.15472528338432312,0.4497601091861725,0.5231525301933289,-0.18985870480537415,0.3437911570072174,0.5764554142951965,-0.049327243119478226,0.3704257607460022,0.42606520652770996,-0.08965692669153214,0.3906564712524414,0.4314255714416504,-0.1394563764333725,0.39144885540008545,0.5038349032402039,-0.1690734624862671,0.28218597173690796,0.5946773290634155,-0.06295420229434967,0.2967650890350342,0.47971856594085693,-0.09045691043138504,0.324379026889801,0.45832064747810364,-0.11865410953760147,0.3451179563999176,0.49382904171943665,-0.13809064030647278,E
0.2604387104511261,0.8863915205001831,4.3807361294057046e-08,0.3179723918437958,0.844158947467804,-0.05083383619785309,0.35965695977211,0.7408332824707031,-0.06659835577011108,0.31728219985961914,0.6451394557952881,-0.08035599440336227,0.26841288805007935,0.5775648355484009,-0.0905606597661972,0.43327945470809937,0.5972659587860107,-0.0014862368116155267,0.4825930595397949,0.47704869508743286,-0.041117776185274124,0.48195159435272217,0.44459351897239685,-0.08337442576885223,0.460690975189209,0.4720785915851593,-0.1065957322716713,0.38111528754234314,0.5621052384376526,0.003692696336656809,0.43417200446128845,0.42175740003585815,-0.0365515872836113,0.4280702471733093,0.40459078550338745,-0.08893567323684692,0.4079577326774597,0.4471425414085388,-0.1191738024353981,0.3276870846748352,0.5505825877189636,-0.00018601471674628556,0.3681153953075409,0.4210776686668396,-0.031740520149469376,0.3752400279045105,0.3915889859199524,-0.0808512419462204,0.36664557456970215,0.43187397718429565,-0.1090085431933403,0.2744869589805603,0.561341404914856,-0.008594708517193794,0.3013308644294739,0.4536333382129669,-0.03299061581492424,0.3206564784049988,0.40669167041778564,-0.06291735917329788,0.3344673812389374,0.4103935658931732,-0.08249907940626144,E
